,0 beds,1 bath,1 bed,1 bedroom,1 guest,1 private bath,1 shared bath,1.5 baths,1.5 private baths,1.5 shared baths,12 guests,2 baths,2 bedrooms,2 beds,2 guests,2 private baths,2 shared baths,2.5 shared baths,3 bedrooms,3 beds,3 guests,3 shared baths,4 beds,4 guests,5 beds,5 guests,6 beds,6 guests,8 guests,Boat,Camper/RV,Private room in apartment,Shared half-bath,Studio,free_cancel,id,lat,long,plus,price,ratings,rental_price_norm,reviews,superhost,entire_place,private_room,no_baths,shared_room
0,0,1,1,1,0,0,0,0,0,0,0,0,0,0,1,0,0,0,0,0,0,0,0,0,0,0,0,0,0,0,0,0,0,0,1,3721927,37.7592664,-122.4631119,0,120,5.0,1.001234268,239,1,1,0,0,0
1,0,1,1,1,0,0,0,0,0,0,0,0,0,0,1,0,0,0,0,0,0,0,0,0,0,0,0,0,0,0,0,0,0,0,1,14990478,37.7309544,-122.4446876,0,101,5.0,1.0100973629999999,219,1,1,0,0,0
2,0,0,1,1,0,0,1,0,0,0,0,0,0,0,1,0,0,0,0,0,0,0,0,0,0,0,0,0,0,0,0,0,0,0,1,4948340,37.7835415,-122.46771340000001,0,53,4.5,1.172587433,324,0,0,1,0,0
3,0,1,1,1,0,0,0,0,0,0,0,0,0,0,1,0,0,0,0,0,0,0,0,0,0,0,0,0,0,0,0,0,0,0,1,545685,37.7761902,-122.4823081,0,68,5.0,1.172587433,616,1,1,0,0,0
4,0,1,0,0,0,0,0,0,0,0,0,0,0,1,0,0,0,0,0,0,0,0,0,1,0,0,0,0,0,0,0,0,0,1,1,394575,37.7424814,-122.4106881,0,149,5.0,1.047322361,339,1,1,0,0,0
5,0,1,1,1,0,0,0,0,0,0,0,0,0,0,1,0,0,0,0,0,0,0,0,0,0,0,0,0,0,0,0,0,0,0,1,6092596,37.763000000000005,-122.427,0,125,5.0,1.0552991459999999,396,1,1,0,0,0
6,0,1,1,0,0,0,0,0,0,0,0,0,0,0,1,0,0,0,0,0,0,0,0,0,0,0,0,0,0,0,0,0,0,1,1,10517693,37.7521842,-122.4419707,0,117,5.0,1.083661049,189,1,1,0,0,0
7,0,0,0,1,0,0,1,0,0,0,0,0,0,1,0,0,0,0,0,0,1,0,0,0,0,0,0,0,0,0,0,1,0,0,1,748222,37.756212299999994,-122.41554640000001,0,90,5.0,1.047322361,544,1,0,0,0,0
8,0,1,1,0,0,0,0,0,0,0,0,0,0,0,1,0,0,0,0,0,0,0,0,0,0,0,0,0,0,0,0,0,0,1,1,19316565,37.7901101,-122.4068003,0,75,5.0,1.024869187,11,0,1,0,0,0
9,0,1,1,0,0,0,0,0,0,0,0,0,0,0,1,0,0,0,0,0,0,0,0,0,0,0,0,0,0,0,0,0,0,1,1,14804950,37.745692,-122.41758259999999,0,93,5.0,1.047322361,252,0,1,0,0,0
10,0,1,0,0,0,0,0,0,0,0,0,0,1,1,0,0,0,0,0,0,0,0,0,1,0,0,0,0,0,0,0,0,0,0,0,4068598,37.7404,-122.3819,1,105,5.0,1.151611442,157,1,0,0,0,0
11,0,1,0,0,0,0,0,0,0,0,0,0,1,0,0,0,0,0,0,1,0,0,0,1,0,0,0,0,0,0,0,0,0,0,1,1510363,37.7285685,-122.4521493,0,150,5.0,1.0100973629999999,225,1,1,0,0,0
12,0,0,1,1,0,0,1,0,0,0,0,0,0,0,0,0,0,0,0,0,1,0,0,0,0,0,0,0,0,0,0,0,0,0,1,5550248,37.7158747,-122.44835549999999,0,74,4.5,1.0100973629999999,405,0,0,1,0,0
13,0,1,1,1,0,0,0,0,0,0,0,0,0,0,1,0,0,0,0,0,0,0,0,0,0,0,0,0,0,0,0,0,0,0,1,585326,37.7763219,-122.48067179999998,0,66,5.0,1.172587433,548,1,1,0,0,0
14,0,1,1,1,0,0,0,0,0,0,0,0,0,0,0,0,0,0,0,0,0,0,0,0,0,1,0,0,0,0,0,0,0,0,1,11398231,37.716503100000004,-122.4669416,0,70,4.5,0.922057288,215,0,1,0,0,0
15,0,0,1,1,0,0,1,0,0,0,0,0,0,0,1,0,0,0,0,0,0,0,0,0,0,0,0,0,0,0,0,0,0,0,1,2047469,37.7249146,-122.43515520000001,0,59,4.5,1.0100973629999999,332,1,0,1,0,0
16,1,0,0,1,0,1,0,0,0,0,0,0,0,0,1,0,0,0,0,0,0,0,0,0,0,0,0,0,0,0,0,0,0,0,1,8356380,37.711701899999994,-122.4345145,0,98,5.0,1.0100973629999999,347,1,0,1,0,0
17,0,0,1,1,0,1,0,0,0,0,0,0,0,0,1,0,0,0,0,0,0,0,0,0,0,0,0,0,0,0,0,0,0,0,1,4275896,37.750573100000004,-122.4172257,0,67,4.5,1.047322361,213,0,0,1,0,0
18,0,1,0,1,0,0,0,0,0,0,0,0,0,1,0,0,0,0,0,0,0,0,0,1,0,0,0,0,0,0,0,0,0,0,1,2119773,37.7184688,-122.4518128,0,100,5.0,1.0100973629999999,275,0,1,0,0,0
19,0,0,1,1,0,1,0,0,0,0,0,0,0,0,1,0,0,0,0,0,0,0,0,0,0,0,0,0,0,0,0,0,0,0,1,4439461,37.789738299999996,-122.4343917,0,129,5.0,0.8712422120000001,423,1,0,1,0,0
20,0,0,1,1,0,1,0,0,0,0,0,0,0,0,1,0,0,0,0,0,0,0,0,0,0,0,0,0,0,0,0,0,0,0,1,16406118,37.733000000000004,-122.415,0,25,5.0,0.983212642,146,1,0,1,0,0
21,0,1,1,1,0,0,0,0,0,0,0,0,0,0,1,0,0,0,0,0,0,0,0,0,0,0,0,0,0,0,0,1,0,0,1,4058557,37.7946091,-122.4121318,0,48,4.5,0.871833085,269,0,0,0,0,0
22,0,0,0,1,0,0,0,0,0,0,0,0,0,1,1,0,1,0,0,0,0,0,0,0,0,0,0,0,0,0,0,0,0,0,1,20367796,37.746602,-122.4791699,0,40,5.0,0.922057288,72,1,0,1,0,0
23,0,0,1,1,0,0,1,0,0,0,0,0,0,0,0,0,0,0,0,0,1,0,0,0,0,0,0,0,0,0,0,0,0,0,1,15343159,37.7214736,-122.4086808,0,69,5.0,0.983212642,238,1,0,1,0,0
24,0,1,1,0,0,0,0,0,0,0,0,0,0,0,0,0,0,0,0,0,0,0,0,1,0,0,0,0,0,0,0,0,0,1,1,1352085,37.881902000000004,-122.26331599999999,0,69,5.0,1.054708273,460,1,1,0,0,0
25,0,1,1,0,0,0,0,0,0,0,0,0,1,0,1,0,0,0,0,0,0,0,0,0,0,0,0,0,0,0,0,0,0,0,1,808660,37.7846034,-122.4438868,0,105,4.5,0.959577723,223,1,1,0,0,0
26,0,0,1,1,0,0,1,0,0,0,0,0,0,0,1,0,0,0,0,0,0,0,0,0,0,0,0,0,0,0,0,0,0,0,1,2601171,37.808,-122.288,0,39,5.0,1.054708273,459,1,0,1,0,0
27,0,0,1,1,0,0,0,0,0,0,0,0,0,0,1,0,0,0,0,0,0,0,0,0,0,0,0,0,0,0,0,0,0,0,1,72444,37.794000000000004,-122.404,0,38,4.5,1.024869187,324,0,0,0,0,1
28,0,1,1,1,0,0,0,0,0,0,0,0,0,0,1,0,0,0,0,0,0,0,0,0,0,0,0,0,0,0,0,0,0,0,1,585225,37.7455531,-122.4338365,0,99,5.0,0.922057288,456,1,1,0,0,0
29,0,0,1,1,0,1,0,0,0,0,0,0,0,0,1,0,0,0,0,0,0,0,0,0,0,0,0,0,0,0,0,0,0,0,0,20695687,37.7471,-122.4122,1,130,5.0,1.047322361,117,1,0,1,0,0
30,0,0,1,1,0,0,0,0,0,1,0,0,0,0,1,0,0,0,0,0,0,0,0,0,0,0,0,0,0,0,0,1,0,0,1,22396902,37.7685857,-122.43348449999999,0,75,5.0,0.9430332790000001,59,0,0,0,0,0
31,0,1,1,0,0,0,0,0,0,0,0,0,0,0,1,0,0,0,0,0,0,0,0,0,0,0,0,0,0,0,0,0,0,1,1,6402502,37.8029201,-122.1919307,0,81,5.0,1.054708273,268,1,1,0,0,0
32,0,1,1,1,0,0,0,0,0,0,0,0,0,0,1,0,0,0,0,0,0,0,0,0,0,0,0,0,0,0,0,1,0,0,1,2756856,37.7871883,-122.4303328,0,76,5.0,0.849084475,344,1,0,0,0,0
33,0,0,1,1,0,0,1,0,0,0,0,0,0,0,1,0,0,0,0,0,0,0,0,0,0,0,0,0,0,0,0,0,0,0,1,1998111,37.724405600000004,-122.43516890000001,0,60,5.0,1.0100973629999999,314,1,0,1,0,0
34,0,0,1,1,1,0,0,0,0,0,0,1,0,0,0,0,0,0,0,0,0,0,0,0,0,0,0,0,0,0,0,0,0,0,1,997382,37.7703033,-122.4502068,0,53,4.5,0.9430332790000001,344,0,0,1,0,0
35,0,1,0,1,0,0,0,0,0,0,0,0,0,1,0,0,0,0,0,0,1,0,0,0,0,0,0,0,0,0,0,0,0,0,1,4252808,37.7573398,-122.508541,0,130,5.0,1.121772356,225,1,1,0,0,0
36,0,1,0,1,0,0,0,0,0,0,0,0,0,1,0,0,0,0,0,0,0,0,0,0,0,1,0,0,0,0,0,0,0,0,1,713877,37.7636947,-122.45303729999999,0,141,5.0,1.001234268,450,1,1,0,0,0
37,0,1,0,1,0,0,0,0,0,0,0,0,0,1,0,0,0,0,0,0,1,0,0,0,0,0,0,0,0,0,0,0,0,0,1,2736358,37.767464700000005,-122.4448272,0,185,5.0,0.9430332790000001,240,1,1,0,0,0
38,0,1,1,1,0,0,0,0,0,0,0,0,0,0,1,0,0,0,0,0,0,0,0,0,0,0,0,0,0,0,0,0,0,0,1,3712191,37.878887,-122.5370332,0,160,5.0,1.172587433,808,1,1,0,0,0
39,0,1,1,1,0,0,0,0,0,0,0,0,0,0,1,0,0,0,0,0,0,0,0,0,0,0,0,0,0,0,0,0,0,0,0,6430646,37.7544,-122.4477,1,120,5.0,1.083661049,182,1,0,1,0,0
40,0,1,1,1,0,0,0,0,0,0,0,0,0,0,1,0,0,0,0,0,0,0,0,0,0,0,0,0,0,0,0,0,0,0,1,3030653,37.767095899999994,-122.4241492,0,140,5.0,1.0552991459999999,343,1,1,0,0,0
41,0,1,0,0,0,0,0,0,0,0,0,0,1,0,0,0,0,0,0,1,0,0,0,1,0,0,0,0,0,0,0,0,0,0,1,3257886,37.7639089,-122.4977868,0,140,5.0,1.121772356,399,1,1,0,0,0
42,0,1,0,1,0,0,0,0,0,0,0,0,0,1,0,0,0,0,0,0,1,0,0,0,0,0,0,0,0,0,0,0,0,0,1,4526608,37.7342968,-122.3879504,0,95,4.5,1.151611442,253,1,1,0,0,0
43,0,1,1,1,0,0,0,0,0,0,0,0,0,0,1,0,0,0,0,0,0,0,0,0,0,0,0,0,0,0,0,0,0,0,1,992676,37.7348498,-122.43406540000001,0,160,5.0,0.983212642,481,1,1,0,0,0
44,0,0,1,1,0,0,1,0,0,0,0,0,0,0,1,0,0,0,0,0,0,0,0,0,0,0,0,0,0,0,0,1,0,0,1,4902855,37.786589,-122.4135585,0,109,4.5,0.829585667,383,0,0,0,0,0
45,0,0,1,1,0,0,1,0,0,0,0,0,0,0,1,0,0,0,0,0,0,0,0,0,0,0,0,0,0,0,0,0,0,0,1,9188845,37.733000000000004,-122.415,0,25,5.0,0.983212642,205,1,0,1,0,0
47,0,1,1,0,0,0,0,0,0,0,0,0,0,0,1,0,0,0,0,0,0,0,0,0,0,0,0,0,0,0,0,0,0,1,1,1926253,37.7224843,-122.42778759999999,0,85,5.0,0.983212642,100,1,1,0,0,0
48,0,1,1,1,0,0,0,0,0,0,0,0,0,0,1,0,0,0,0,0,0,0,0,0,0,0,0,0,0,0,0,0,0,0,1,674871,37.855366700000005,-122.47955490000001,0,89,4.5,0.875378323,346,0,1,0,0,0
49,0,1,0,1,0,0,0,0,0,0,0,0,0,1,0,0,0,0,0,0,0,0,0,1,0,0,0,0,0,0,0,0,0,0,1,8456859,37.773922,-122.5092505,0,125,4.5,1.172587433,96,0,1,0,0,0
50,0,1,1,1,0,0,0,0,0,0,0,0,0,0,1,0,0,0,0,0,0,0,0,0,0,0,0,0,0,0,0,0,0,0,1,3710961,37.8770149,-122.27501740000001,0,90,5.0,1.054708273,510,1,1,0,0,0
51,0,1,1,1,0,0,0,0,0,0,0,0,0,0,0,0,0,0,0,0,1,0,0,0,0,0,0,0,0,0,0,0,0,0,1,9347891,37.7742153,-122.4677324,0,135,5.0,1.172587433,162,1,1,0,0,0
52,0,0,1,1,0,0,1,0,0,0,0,0,0,0,1,0,0,0,0,0,0,0,0,0,0,0,0,0,0,0,0,0,0,0,1,9435665,37.746872700000004,-122.42839690000001,0,105,5.0,0.922057288,259,1,0,1,0,0
53,0,1,1,0,0,0,0,0,0,0,0,0,0,0,1,0,0,0,0,0,0,0,0,0,0,0,0,0,0,0,0,0,0,1,1,4948327,37.78477879999999,-122.46803500000001,0,55,4.5,1.172587433,293,0,1,0,0,0
54,0,0,1,1,0,0,1,0,0,0,0,0,0,0,1,0,0,0,0,0,0,0,0,0,0,0,0,0,0,0,0,0,0,0,1,12511225,37.7874494,-122.40925520000002,0,77,4.5,0.829585667,97,0,0,1,0,0
55,0,1,0,0,0,0,0,0,0,0,0,0,0,0,0,0,0,0,1,1,0,0,0,0,0,1,0,0,0,0,0,0,0,0,1,1456375,37.8400374,-122.21182079999998,0,75,5.0,1.054708273,332,1,1,0,0,0
56,0,0,1,1,0,1,0,0,0,0,0,0,0,0,1,0,0,0,0,0,0,0,0,0,0,0,0,0,0,0,0,0,0,0,1,12445752,37.9283541,-122.3904531,0,30,5.0,0.9448058979999999,185,1,0,1,0,0
57,0,1,0,1,0,0,0,0,0,0,0,0,0,1,0,0,0,0,0,0,0,0,0,1,0,0,0,0,0,0,0,0,0,0,1,1725853,37.747327899999995,-122.489515,0,129,5.0,0.922057288,331,1,1,0,0,0
58,0,1,1,1,0,0,0,0,0,0,0,0,0,0,1,0,0,0,0,0,0,0,0,0,0,0,0,0,0,0,0,0,0,0,1,205842,37.765,-122.397,0,230,5.0,1.105523349,627,1,1,0,0,0
59,0,1,1,1,0,0,0,0,0,0,0,0,0,0,1,0,0,0,0,0,0,0,0,0,0,0,0,0,0,0,0,1,0,0,1,5007358,37.7845695,-122.4145504,0,119,4.5,0.829585667,359,0,0,0,0,0
60,0,0,1,1,0,0,1,0,0,0,0,0,0,0,1,0,0,0,0,0,0,0,0,0,0,0,0,0,0,0,0,0,0,0,1,9110032,37.773013299999995,-122.50108610000001,0,40,4.5,1.172587433,143,0,0,1,0,0
61,0,1,0,1,0,0,0,0,0,0,0,0,0,1,0,0,0,0,0,0,1,0,0,0,0,0,0,0,0,0,0,0,0,0,1,20852099,37.7145248,-122.40657949999999,0,85,4.5,0.983212642,107,0,1,0,0,0
62,0,1,0,0,0,0,0,0,0,0,0,0,0,1,1,0,0,0,0,0,0,0,0,0,0,0,0,0,0,0,0,0,0,1,0,17931634,37.7433,-122.414,1,100,5.0,1.047322361,23,1,1,0,0,0
63,0,0,0,1,0,1,0,0,0,0,0,0,0,1,0,0,0,0,0,0,1,0,0,0,0,0,0,0,0,0,0,0,0,0,1,6494663,37.748000000000005,-122.492,0,45,5.0,0.922057288,249,1,0,1,0,0
64,0,0,0,1,0,1,0,0,0,0,0,0,0,1,1,0,0,0,0,0,0,0,0,0,0,0,0,0,0,0,0,0,0,0,1,4156390,37.739673100000005,-122.4269439,0,81,5.0,0.983212642,304,1,0,1,0,0
65,0,1,1,0,0,0,0,0,0,0,0,0,0,0,1,0,0,0,0,0,0,0,0,0,0,0,0,0,0,0,0,0,0,1,1,14552390,37.785984,-122.4077414,0,89,4.5,0.829585667,106,0,1,0,0,0
66,0,0,1,1,0,0,0,0,0,0,0,0,0,0,1,0,0,0,0,0,0,0,0,0,0,0,0,0,0,0,0,0,0,0,1,12026856,37.7453881,-122.4304595,0,90,5.0,0.922057288,248,1,0,1,1,0
67,0,1,1,1,0,0,0,0,0,0,0,0,0,0,1,0,0,0,0,0,0,0,0,0,0,0,0,0,0,0,0,0,0,0,1,3759246,37.7557465,-122.4791684,0,100,4.5,1.121772356,280,0,1,0,0,0
68,0,1,1,0,0,0,0,0,0,0,0,0,0,0,0,0,0,0,0,0,1,0,0,0,0,0,0,0,0,0,0,0,0,1,1,15481217,37.86108,-122.28149950000001,0,95,5.0,1.054708273,265,1,1,0,0,0
69,0,1,0,1,0,0,0,0,0,0,0,0,0,1,0,0,0,0,0,0,0,0,0,1,0,0,0,0,0,0,0,0,0,0,1,348714,37.7730653,-122.44293329999999,0,165,5.0,0.9430332790000001,303,1,1,0,0,0
70,0,1,1,1,0,0,0,0,0,0,0,0,0,0,1,0,0,0,0,0,0,0,0,0,0,0,0,0,0,1,0,0,0,0,1,3692187,37.7789419,-122.2427738,0,109,5.0,1.054708273,540,1,0,0,0,0
71,0,1,0,0,0,0,0,0,0,0,0,0,1,0,0,0,0,0,0,1,0,0,0,0,0,0,0,1,0,0,0,0,0,0,1,1277771,37.785236499999996,-122.476276,0,190,4.5,1.172587433,362,1,1,0,0,0
72,0,0,1,1,0,0,0,0,0,0,0,1,0,0,0,0,0,0,0,0,1,0,0,0,0,0,0,0,0,0,0,1,0,0,1,2374370,37.7878414,-122.43082220000001,0,89,5.0,0.8712422120000001,338,1,0,0,0,0
73,0,0,1,1,0,0,1,0,0,0,0,0,0,0,1,0,0,0,0,0,0,0,0,0,0,0,0,0,0,0,0,0,0,0,1,567239,37.744724299999994,-122.43698789999999,0,95,5.0,0.983212642,523,1,0,1,0,0
74,0,0,1,1,0,0,1,0,0,0,0,0,0,0,1,0,0,0,0,0,0,0,0,0,0,0,0,0,0,0,0,1,0,0,1,4902907,37.785759999999996,-122.41489140000002,0,109,4.5,0.829585667,342,0,0,0,0,0
75,0,1,1,1,0,0,0,0,0,0,0,0,0,0,1,0,0,0,0,0,0,0,0,0,0,0,0,0,0,0,0,0,0,0,1,3050172,37.797855600000005,-122.21039440000001,0,65,5.0,1.054708273,232,1,1,0,0,0
76,0,1,1,1,0,0,0,0,0,0,0,0,0,0,1,0,0,0,0,0,0,0,0,0,0,0,0,0,0,0,0,0,0,0,1,3720392,37.7609914,-122.4652097,0,120,5.0,1.001234268,231,1,1,0,0,0
77,0,1,1,1,0,0,0,0,0,0,0,0,0,0,1,0,0,0,0,0,0,0,0,0,0,0,0,0,0,0,0,0,0,0,1,10988195,37.7767304,-122.1718415,0,79,5.0,1.054708273,246,1,1,0,0,0
78,0,0,1,1,0,0,1,0,0,0,0,0,0,0,1,0,0,0,0,0,0,0,0,0,0,0,0,0,0,0,0,1,0,0,1,748256,37.7549539,-122.41683090000001,0,115,5.0,1.047322361,562,1,0,0,0,0
79,0,0,1,1,1,1,0,0,0,0,0,0,0,0,0,0,0,0,0,0,0,0,0,0,0,0,0,0,0,0,0,0,0,0,1,3082327,37.7567656,-122.4889142,0,85,5.0,1.121772356,330,1,0,1,0,0
80,0,0,1,1,0,1,0,0,0,0,0,0,0,0,1,0,0,0,0,0,0,0,0,0,0,0,0,0,0,0,0,0,0,0,0,16204265,37.7599,-122.4148,1,135,5.0,1.047322361,211,1,0,1,0,0
81,0,1,1,1,0,0,0,0,0,0,0,0,0,0,1,0,0,0,0,0,0,0,0,0,0,0,0,0,0,0,0,0,0,0,1,18587279,37.735665999999995,-122.3871207,0,92,5.0,1.151611442,122,1,1,0,0,0
82,0,1,1,0,0,0,0,0,0,0,0,0,0,0,1,0,0,0,0,0,0,0,0,0,0,0,0,0,0,0,0,0,0,1,1,7265348,37.832357,-122.2795435,0,79,5.0,1.054708273,207,1,1,0,0,0
83,0,0,1,1,0,0,0,0,0,0,0,0,0,0,1,0,0,0,0,0,0,0,0,0,0,0,0,0,0,0,0,1,0,0,1,1206233,37.770275500000004,-122.44757320000001,0,79,4.0,0.9430332790000001,303,0,0,0,0,0
84,0,0,1,1,0,0,0,1,0,0,0,0,0,0,0,0,0,0,0,0,1,0,0,0,0,0,0,0,0,0,0,0,0,0,1,6872214,37.731597799999996,-122.3731758,0,89,4.5,1.151611442,212,0,0,1,0,0
85,0,0,1,1,0,0,1,0,0,0,0,0,0,0,1,0,0,0,0,0,0,0,0,0,0,0,0,0,0,0,0,0,0,0,1,1673795,37.808,-122.288,0,59,5.0,1.054708273,458,1,0,1,0,0
86,0,1,1,1,0,0,0,0,0,0,0,0,0,0,1,0,0,0,0,0,0,0,0,0,0,0,0,0,0,0,0,0,0,0,1,2538807,37.7429945,-122.4666352,0,74,5.0,0.983212642,182,1,1,0,0,0
87,0,1,1,1,0,0,0,0,0,0,0,0,0,0,1,0,0,0,0,0,0,0,0,0,0,0,0,0,0,0,0,0,0,0,1,12230957,37.849886,-122.28027959999999,0,98,5.0,1.054708273,168,1,1,0,0,0
88,0,0,1,1,0,0,0,0,1,0,0,0,0,0,1,0,0,0,0,0,0,0,0,0,0,0,0,0,0,0,0,1,0,0,1,3311711,37.7687898,-122.417432,0,105,5.0,1.145998149,309,1,0,0,0,0
89,0,1,0,1,0,0,0,0,0,0,0,0,0,1,0,0,0,0,0,0,1,0,0,0,0,0,0,0,0,0,0,0,0,0,1,22586319,37.713973100000004,-122.4082638,0,75,4.5,0.983212642,84,0,1,0,0,0
90,0,0,1,1,0,1,0,0,0,0,0,0,0,0,1,0,0,0,0,0,0,0,0,0,0,0,0,0,0,0,0,0,0,0,1,14205598,37.7210033,-122.4102371,0,84,5.0,0.983212642,190,0,0,1,0,0
91,0,1,1,1,0,0,0,0,0,0,0,0,0,0,1,0,0,0,0,0,0,0,0,0,0,0,0,0,0,0,0,0,0,0,1,17976212,37.7024996,-122.4920611,0,139,5.0,0.922057288,191,1,1,0,0,0
92,0,0,1,1,0,1,0,0,0,0,0,0,0,0,1,0,0,0,0,0,0,0,0,0,0,0,0,0,0,0,0,1,0,0,1,3549398,37.7564352,-122.4408039,0,57,5.0,1.083661049,322,1,0,0,0,0
93,0,0,1,1,1,0,0,0,0,0,0,0,0,0,0,0,0,0,0,0,0,0,0,0,0,0,0,0,0,0,0,0,0,0,1,70753,37.794000000000004,-122.404,0,45,4.5,1.024869187,322,0,0,0,0,1
94,0,0,0,1,0,0,0,1,0,0,0,0,0,0,0,0,0,0,0,1,0,0,0,1,0,0,0,0,0,0,0,0,0,0,1,1738415,37.7735805,-122.42806370000001,0,136,5.0,0.8233815000000001,375,1,1,0,0,0
95,0,0,1,1,0,0,0,0,0,0,0,0,0,0,0,0,0,0,0,0,1,0,0,0,0,0,0,0,0,0,0,0,0,0,1,229240,37.794000000000004,-122.404,0,45,4.5,1.024869187,299,0,0,0,0,1
96,0,1,1,0,0,0,0,0,0,0,0,0,0,0,0,0,0,0,0,0,1,0,0,0,0,0,0,0,0,0,0,0,0,1,1,4365969,37.7335518,-122.4309991,0,101,5.0,0.983212642,274,1,1,0,0,0
97,0,1,0,1,0,0,0,0,0,0,0,0,0,1,0,0,0,0,0,0,0,0,0,1,0,0,0,0,0,0,0,0,0,0,1,4378325,37.818597100000005,-122.26817179999999,0,85,4.5,1.054708273,231,0,1,0,0,0
98,0,1,1,1,0,0,0,0,0,0,0,0,0,0,1,0,0,0,0,0,0,0,0,0,0,0,0,0,0,0,0,0,0,0,1,5013816,37.7891013,-122.43459740000002,0,129,5.0,0.8712422120000001,422,1,0,1,0,0
99,0,0,1,0,0,1,0,0,0,0,0,0,0,0,1,0,0,0,0,0,0,0,0,0,0,0,0,0,0,0,0,0,0,1,1,14487347,37.7858852,-122.40951709999999,0,89,4.5,0.829585667,80,0,0,1,0,0
100,0,1,1,1,0,0,0,0,0,0,0,0,0,0,1,0,0,0,0,0,0,0,0,0,0,0,0,0,0,0,0,0,0,0,1,719431,37.7402797,-122.46884990000001,0,89,5.0,0.922057288,248,1,1,0,0,0
101,0,0,1,1,0,0,1,0,0,0,0,0,0,0,1,0,0,0,0,0,0,0,0,0,0,0,0,0,0,0,0,0,0,0,1,8277350,37.6871816,-122.49524869999999,0,59,4.5,0.922057288,268,0,0,1,0,0
102,0,0,1,1,1,0,0,0,0,1,0,0,0,0,0,0,0,0,0,0,0,0,0,0,0,0,0,0,0,0,0,0,0,0,1,1148625,37.7673865,-122.4446685,0,85,5.0,0.9430332790000001,251,1,0,1,0,0
103,0,0,1,1,1,0,0,0,0,1,0,0,0,0,0,0,0,0,0,0,0,0,0,0,0,0,0,0,0,0,0,0,0,0,1,593253,37.770230700000006,-122.42956969999999,0,95,5.0,0.8233815000000001,278,1,0,1,0,0
104,0,0,1,1,0,0,1,0,0,0,0,0,0,0,1,0,0,0,0,0,0,0,0,0,0,0,0,0,0,0,0,0,0,0,1,14688313,37.7575773,-122.4295638,0,99,4.5,1.0552991459999999,115,0,0,1,0,0
105,0,1,0,0,0,0,0,0,0,0,0,0,0,1,0,0,0,0,0,0,0,0,0,0,0,1,0,0,0,0,0,0,0,1,1,7478631,37.7621054,-122.4520166,0,125,5.0,1.001234268,263,1,1,0,0,0
106,0,1,1,1,0,0,0,0,0,0,0,0,0,0,1,0,0,0,0,0,0,0,0,0,0,0,0,0,0,0,0,0,0,0,1,1326577,37.719685600000005,-122.45162549999999,0,125,5.0,1.0100973629999999,217,1,1,0,0,0
107,0,1,0,0,0,0,0,0,0,0,0,0,1,1,0,0,0,0,0,0,0,0,0,0,0,0,0,1,0,0,0,0,0,0,1,4274766,37.885296000000004,-122.530272,0,140,4.5,1.172587433,232,0,1,0,0,0
108,0,1,1,1,0,0,0,0,0,0,0,0,0,0,1,0,0,0,0,0,0,0,0,0,0,0,0,0,0,0,0,0,0,0,1,9752333,37.7438276,-122.4320502,0,135,5.0,0.983212642,283,1,1,0,0,0
109,0,0,1,1,0,0,1,0,0,0,0,0,0,0,1,0,0,0,0,0,0,0,0,0,0,0,0,0,0,0,0,1,0,0,1,9051149,37.7691993,-122.4353061,0,109,5.0,0.9430332790000001,379,1,0,0,0,0
110,0,1,0,1,0,0,0,0,0,0,0,0,0,1,0,0,0,0,0,0,0,0,0,1,0,0,0,0,0,0,0,0,0,0,1,10385321,37.725831899999996,-122.43041840000001,0,100,5.0,0.983212642,192,1,1,0,0,0
111,0,0,1,1,0,0,0,0,0,0,0,0,0,0,1,0,0,0,0,0,0,0,0,0,0,0,0,0,0,0,0,0,0,0,1,12026845,37.7449468,-122.4299192,0,90,5.0,0.922057288,175,1,0,1,1,0
112,0,0,1,1,0,1,0,0,0,0,0,0,0,0,1,0,0,0,0,0,0,0,0,0,0,0,0,0,0,0,0,0,0,0,1,4387067,37.789806899999995,-122.43411189999999,0,129,5.0,0.8712422120000001,434,1,0,1,0,0
113,0,1,0,0,0,0,0,0,0,0,0,0,1,0,0,0,0,0,0,0,0,0,1,0,0,1,0,0,0,1,0,0,0,0,1,3439203,37.778991299999994,-122.24270179999999,0,99,5.0,1.054708273,498,1,0,0,0,0
114,0,1,0,0,0,0,0,0,0,0,0,0,0,0,0,0,0,0,0,1,0,0,0,0,0,0,0,1,0,0,0,0,0,1,1,5548977,37.7809339,-122.49425120000001,0,140,5.0,1.172587433,287,1,1,0,0,0
115,0,1,1,1,0,0,0,0,0,0,0,0,0,0,1,0,0,0,0,0,0,0,0,0,0,0,0,0,0,0,0,0,0,0,1,678556,37.7743132,-122.4523622,0,135,5.0,1.121772356,329,1,1,0,0,0
116,0,1,0,1,0,0,0,0,0,0,0,0,0,0,0,0,0,0,0,1,1,0,0,0,0,0,0,0,0,0,0,0,0,0,1,11014900,37.9691725,-122.28884380000001,0,46,5.0,1.054708273,158,1,1,0,0,0
117,0,1,1,0,0,0,0,0,0,0,0,0,0,0,1,0,0,0,0,0,0,0,0,0,0,0,0,0,0,0,0,0,0,1,1,150848,37.761995399999996,-122.39391470000001,0,75,5.0,1.151611442,196,1,1,0,0,0
118,0,0,1,1,0,1,0,0,0,0,0,0,0,0,1,0,0,0,0,0,0,0,0,0,0,0,0,0,0,0,0,0,0,0,0,10943827,37.7378,-122.4321,1,117,5.0,0.983212642,159,1,0,1,0,0
119,0,1,1,0,0,0,0,0,0,0,0,0,0,0,0,0,0,0,0,0,1,0,0,0,0,0,0,0,0,0,0,0,0,1,1,2111361,37.780930700000006,-122.4200707,0,150,5.0,0.829585667,89,1,1,0,0,0
120,0,0,0,1,0,1,0,0,0,0,0,0,0,0,0,0,0,0,0,1,0,0,0,0,0,0,0,1,0,0,0,0,0,0,1,1920033,37.7538901,-122.45801709999999,0,79,5.0,1.001234268,468,1,0,1,0,0
121,0,0,1,1,0,0,1,0,0,0,0,0,0,0,1,0,0,0,0,0,0,0,0,0,0,0,0,0,0,0,0,0,0,0,1,16376205,37.749745399999995,-122.48241940000001,0,92,5.0,0.922057288,218,1,0,1,0,0
122,0,1,0,0,0,0,0,0,0,0,0,0,0,0,0,0,0,0,1,0,0,0,0,0,1,0,0,0,1,0,0,0,0,0,1,207980,37.7444589,-122.43775670000001,0,245,5.0,0.983212642,310,1,1,0,0,0
123,0,1,1,1,0,0,0,0,0,0,0,0,0,0,1,0,0,0,0,0,0,0,0,0,0,0,0,0,0,0,0,0,0,0,1,9805697,37.83332120000001,-122.2240865,0,65,4.5,1.054708273,264,0,1,0,0,0
124,0,0,1,1,0,0,0,0,0,0,0,0,0,0,0,0,1,0,0,0,0,0,0,1,0,0,0,0,0,0,0,0,0,0,1,9155785,37.834601299999996,-122.26896640000001,0,53,4.5,1.054708273,283,0,0,1,0,0
125,1,1,0,0,0,0,0,0,0,0,0,0,0,0,1,0,0,0,0,0,0,0,0,0,0,0,0,0,0,0,0,0,0,1,1,19020541,37.7303363,-122.4258263,0,135,5.0,0.983212642,77,1,1,0,0,0
126,0,0,1,1,0,0,0,0,0,1,0,0,0,0,1,0,0,0,0,0,0,0,0,0,0,0,0,0,0,0,0,0,0,0,1,17237843,37.7507253,-122.4081529,0,59,4.5,1.047322361,76,0,0,1,0,0
127,0,0,1,1,0,1,0,0,0,0,0,0,0,0,1,0,0,0,0,0,0,0,0,0,0,0,0,0,0,0,0,0,0,0,1,13661253,37.6416593,-122.46005020000001,0,55,4.5,0.922057288,318,0,0,1,0,0
128,0,1,1,0,0,0,0,0,0,0,0,0,0,0,1,0,0,0,0,0,0,0,0,0,0,0,0,0,0,0,0,0,0,1,1,3780418,37.7757647,-122.4154915,0,125,5.0,1.145998149,291,1,1,0,0,0
129,0,1,0,0,0,0,0,0,0,0,0,0,1,1,0,0,0,0,0,0,0,0,0,0,0,1,0,0,0,0,0,0,0,0,1,21425660,37.721200399999994,-122.40211459999999,0,89,5.0,0.983212642,71,1,1,0,0,0
130,0,1,1,1,0,0,0,0,0,0,0,0,0,0,1,0,0,0,0,0,0,0,0,0,0,0,0,0,0,0,0,0,0,0,1,8187662,37.8065682,-122.4350094,0,105,4.5,0.875378323,182,0,1,0,0,0
131,0,0,1,0,0,0,1,0,0,0,0,0,0,0,1,0,0,0,0,0,0,0,0,0,0,0,0,0,0,0,0,0,0,1,1,16945037,37.7858552,-122.40821090000001,0,89,5.0,0.829585667,58,0,0,1,0,0
132,0,0,1,1,0,1,0,0,0,0,0,0,0,0,1,0,0,0,0,0,0,0,0,0,0,0,0,0,0,0,0,0,0,0,1,8277236,37.686389899999995,-122.49405900000001,0,69,4.5,0.922057288,201,0,0,1,0,0
133,0,1,1,1,0,0,0,0,0,0,0,0,0,0,1,0,0,0,0,0,0,0,0,0,0,0,0,0,0,0,0,0,0,0,1,4263821,37.7509299,-122.4270217,0,69,5.0,0.922057288,197,1,1,0,0,0
134,0,0,1,1,1,0,1,0,0,0,0,0,0,0,0,0,0,0,0,0,0,0,0,0,0,0,0,0,0,0,0,0,0,0,1,3577748,37.600782099999996,-122.4073735,0,85,5.0,0.922057288,497,0,0,1,0,0
135,0,1,1,1,0,0,0,0,0,0,0,0,0,0,1,0,0,0,0,0,0,0,0,0,0,0,0,0,0,0,0,0,0,0,0,20169868,37.7694,-122.4862,1,155,5.0,1.121772356,120,1,0,0,0,0
136,0,0,0,1,0,0,0,0,0,0,0,0,0,0,0,0,0,0,0,0,0,0,1,1,0,0,0,0,0,0,0,0,0,0,1,4902444,37.7984508,-122.40445349999999,0,36,5.0,0.9448058979999999,168,0,0,0,1,1
137,0,1,0,0,0,0,0,0,0,0,0,0,0,1,0,0,0,0,0,0,1,0,0,0,0,0,0,0,0,0,0,0,0,1,1,2396847,37.779151,-122.4785733,0,130,5.0,1.172587433,277,1,1,0,0,0
138,0,0,1,1,0,0,1,0,0,0,0,0,0,0,1,0,0,0,0,0,0,0,0,0,0,0,0,0,0,0,0,1,0,0,1,258873,37.8013351,-122.4071376,0,95,4.5,0.9448058979999999,278,0,0,0,0,0
139,0,0,1,1,0,1,0,0,0,0,0,0,0,0,1,0,0,0,0,0,0,0,0,0,0,0,0,0,0,0,0,0,0,0,1,2046634,37.724828,-122.4360876,0,72,5.0,1.0100973629999999,309,1,0,1,0,0
140,0,1,1,1,0,0,0,0,0,0,0,0,0,0,1,0,0,0,0,0,0,0,0,0,0,0,0,0,0,0,0,0,0,0,1,59344,37.7456548,-122.4286438,0,100,5.0,0.922057288,277,1,1,0,0,0
141,0,1,1,1,0,0,0,0,0,0,0,0,0,0,1,0,0,0,0,0,0,0,0,0,0,0,0,0,0,0,0,0,0,0,1,12437037,37.7748566,-122.46234609999999,0,119,4.5,1.172587433,240,0,1,0,0,0
143,0,1,1,1,0,0,0,0,0,0,0,0,0,0,1,0,0,0,0,0,0,0,0,0,0,0,0,0,0,0,0,0,0,0,1,8192881,37.769224,-122.4469821,0,200,5.0,0.9430332790000001,192,1,1,0,0,0
144,0,0,1,0,0,1,0,0,0,0,0,0,0,0,1,0,0,0,0,0,0,0,0,0,0,0,0,0,0,0,0,0,0,1,1,16930263,37.787231899999995,-122.4082861,0,89,4.5,0.829585667,62,0,0,1,0,0
145,0,1,1,1,0,0,0,0,0,0,0,0,0,0,1,0,0,0,0,0,0,0,0,0,0,0,0,0,0,0,0,0,0,0,1,4263721,37.9566904,-122.27503429999999,0,49,5.0,1.054708273,254,1,1,0,0,0
146,0,1,1,1,0,0,0,0,0,0,0,0,0,0,0,0,0,0,0,0,1,0,0,0,0,0,0,0,0,0,0,0,0,0,1,11910999,37.7635864,-122.4824523,0,59,4.5,1.121772356,128,0,0,1,0,0
147,0,1,1,0,0,0,0,0,0,0,0,0,0,0,0,0,0,0,0,0,1,0,0,0,0,0,0,0,0,0,0,0,0,1,1,4033064,37.9585297,-122.27349779999999,0,63,5.0,1.054708273,291,1,1,0,0,0
148,0,0,1,1,0,0,0,0,0,0,0,0,0,0,1,1,0,0,0,0,0,0,0,0,0,0,0,0,0,0,0,0,0,0,1,2178509,37.7412771,-122.4215473,0,100,5.0,0.983212642,332,1,0,1,0,0
149,0,1,1,1,0,0,0,0,0,0,0,0,0,0,1,0,0,0,0,0,0,0,0,0,0,0,0,0,0,0,0,0,0,0,1,19135508,37.782656700000004,-122.1956466,0,35,5.0,1.054708273,92,0,1,0,0,0
150,0,0,1,1,0,1,0,0,0,0,0,0,0,0,1,0,0,0,0,0,0,0,0,0,0,0,0,0,0,0,0,0,0,0,1,1043282,37.7585526,-122.44529890000001,0,79,5.0,1.083661049,442,1,0,1,0,0
151,0,0,0,1,0,1,0,0,0,0,0,0,0,1,0,0,0,0,0,0,0,0,0,1,0,0,0,0,0,0,0,0,0,0,1,6169292,37.7974789,-122.4256636,0,129,4.5,0.8588338790000001,154,0,0,1,0,0
152,0,1,1,1,0,0,0,0,0,0,0,0,0,0,1,0,0,0,0,0,0,0,0,0,0,0,0,0,0,0,0,0,0,0,1,1421774,37.766498799999994,-122.4360631,0,135,5.0,0.9430332790000001,339,1,1,0,0,0
153,0,1,0,1,0,0,0,0,0,0,0,0,0,0,0,0,0,0,0,1,0,0,0,0,0,0,0,1,0,0,0,0,0,0,1,1487849,37.746690799999996,-122.4058601,0,145,4.5,1.105523349,251,1,1,0,0,0
154,0,0,1,1,0,1,0,0,0,0,0,0,0,0,1,0,0,0,0,0,0,0,0,0,0,0,0,0,0,0,0,0,0,0,1,176092,37.7527174,-122.40934009999998,0,117,5.0,1.047322361,266,0,0,1,0,0
155,0,0,1,1,0,0,1,0,0,0,0,0,0,0,1,0,0,0,0,0,0,0,0,0,0,0,0,0,0,0,0,0,0,0,1,9119210,37.7724075,-122.5016871,0,50,4.5,1.172587433,113,0,0,1,0,0
156,0,0,1,1,1,0,0,0,0,0,0,1,0,0,0,0,0,0,0,0,0,0,0,0,0,0,0,0,0,0,0,0,0,0,1,5196399,37.756868700000005,-122.41460320000002,0,55,5.0,1.047322361,194,0,0,0,0,1
157,0,0,0,0,0,0,0,0,0,0,0,0,1,0,0,0,1,0,0,1,0,0,0,1,0,0,0,0,0,0,0,0,0,0,1,14386727,37.728,-122.389,0,113,4.5,1.151611442,178,0,0,1,0,0
158,0,1,1,1,0,0,0,0,0,0,0,0,0,0,0,0,0,0,0,0,0,0,0,1,0,0,0,0,0,0,0,0,0,0,1,13381058,37.801107200000004,-122.2748774,0,97,4.5,1.054708273,205,1,1,0,0,0
159,0,1,0,0,0,0,0,0,0,0,0,0,1,0,0,0,0,0,0,1,1,0,0,0,0,0,0,0,0,0,0,0,0,0,1,20837529,37.7138912,-122.4081304,0,110,4.5,0.983212642,119,0,1,0,0,0
160,0,1,0,1,0,0,0,0,0,0,0,0,0,1,0,0,0,0,0,0,0,0,0,1,0,0,0,0,0,0,0,0,0,0,1,13654824,37.7538485,-122.4928673,0,105,5.0,1.121772356,170,1,1,0,0,0
161,0,1,1,0,0,0,0,0,0,0,0,0,0,0,1,0,0,0,0,0,0,0,0,0,0,0,0,0,0,0,0,0,0,1,1,15675892,37.787533200000006,-122.4093616,0,89,4.5,0.829585667,74,0,1,0,0,0
162,0,0,1,1,0,0,0,0,0,0,0,0,0,0,1,0,0,0,0,0,0,1,0,0,0,0,0,0,0,0,0,0,0,0,1,4720512,37.7737717,-122.4291925,0,85,5.0,0.8233815000000001,134,1,0,1,0,0
163,0,0,1,0,0,1,0,0,0,0,0,0,0,0,1,0,0,0,0,0,0,0,0,0,0,0,0,0,0,0,0,0,0,1,1,16930151,37.785314899999996,-122.4076837,0,89,4.5,0.829585667,55,0,0,1,0,0
164,0,0,1,1,0,1,0,0,0,0,0,0,0,0,1,0,0,0,0,0,0,0,0,0,0,0,0,0,0,0,0,1,0,0,1,5154242,37.7101258,-122.4464311,0,50,4.0,1.0100973629999999,83,0,0,0,0,0
165,0,0,1,1,0,0,0,0,0,0,0,0,0,0,1,0,1,0,0,0,0,0,0,0,0,0,0,0,0,0,0,0,0,0,1,2198399,37.765146,-122.41607579999999,0,109,4.5,1.047322361,271,0,0,1,0,0
166,0,1,1,1,0,0,0,0,0,0,0,0,0,0,0,0,0,0,0,0,1,0,0,0,0,0,0,0,0,0,0,0,0,0,0,7327920,37.7605,-122.4009,1,200,5.0,1.105523349,216,1,1,0,0,0
167,0,1,1,1,0,0,0,0,0,0,0,0,0,0,1,0,0,0,0,0,0,0,0,0,0,0,0,0,0,0,0,0,0,0,1,15330348,37.7414019,-122.4428318,0,120,5.0,0.983212642,217,1,1,0,0,0
168,0,0,1,1,0,0,1,0,0,0,0,0,0,0,0,0,0,0,0,0,1,0,0,0,0,0,0,0,0,0,0,1,0,0,1,7226841,37.7928673,-122.41609270000001,0,70,5.0,0.871833085,133,0,0,0,0,0
169,0,0,1,1,0,1,0,0,0,0,0,0,0,0,1,0,0,0,0,0,0,0,0,0,0,0,0,0,0,0,0,0,0,0,1,1069167,37.741,-122.384,0,65,4.5,1.151611442,276,1,0,1,0,0
170,0,0,1,1,0,1,0,0,0,0,0,0,0,0,1,0,0,0,0,0,0,0,0,0,0,0,0,0,0,0,0,0,0,0,1,164207,37.741592600000004,-122.465782,0,69,5.0,0.983212642,314,1,0,1,0,0
171,0,1,1,1,0,0,0,0,0,0,0,0,0,0,1,0,0,0,0,0,0,0,0,0,0,0,0,0,0,0,0,0,0,0,1,5970824,37.7887556,-122.1891278,0,105,5.0,1.054708273,175,1,1,0,0,0
172,0,1,0,1,0,0,0,0,0,0,0,0,0,1,0,0,0,0,0,0,1,0,0,0,0,0,0,0,0,0,0,0,0,0,1,21632573,37.7718943,-122.16820390000001,0,90,5.0,1.054708273,131,1,1,0,0,0
173,0,0,0,0,0,0,0,0,0,0,0,1,1,1,0,0,0,0,0,0,0,0,0,1,0,0,0,0,0,0,0,0,0,0,1,1864390,37.7765653,-122.4288331,0,145,5.0,0.8233815000000001,141,0,1,0,0,0
174,0,1,1,1,0,0,0,0,0,0,0,0,0,0,1,0,0,0,0,0,0,0,0,0,0,0,0,0,0,0,0,0,0,0,1,1975701,37.905,-122.286,0,101,5.0,1.054708273,245,1,1,0,0,0
175,0,0,1,1,0,0,1,0,0,0,0,0,0,0,1,0,0,0,0,0,0,0,0,0,0,0,0,0,0,0,0,0,0,0,1,3416013,37.750912799999995,-122.39628689999999,0,85,5.0,1.151611442,263,1,0,1,0,0
176,0,1,1,1,0,0,0,0,0,0,0,0,0,0,0,0,0,0,0,0,1,0,0,0,0,0,0,0,0,0,0,0,0,0,1,352165,37.7581328,-122.43550139999999,0,125,4.5,0.922057288,173,0,1,0,0,0
177,0,1,1,1,0,0,0,0,0,0,0,0,0,0,1,0,0,0,0,0,0,0,0,0,0,0,0,0,0,0,0,0,0,0,1,5852204,37.760549600000004,-122.47178819999999,0,99,4.5,1.001234268,307,0,1,0,0,0
178,0,1,1,0,0,0,0,0,0,0,0,0,0,0,1,0,0,0,0,0,0,0,0,0,0,0,0,0,0,0,0,0,0,1,1,1578597,37.758577100000004,-122.40152240000002,0,189,4.5,1.105523349,385,0,1,0,0,0
179,0,1,1,1,0,0,0,0,0,0,0,0,0,0,1,0,0,0,0,0,0,0,0,0,0,0,0,0,0,0,0,0,0,0,1,2518781,37.7422014,-122.4199166,0,139,5.0,0.983212642,311,1,1,0,0,0
181,0,1,1,0,0,0,0,0,0,0,0,0,0,0,1,0,0,0,0,0,0,0,0,0,0,0,0,0,0,0,0,0,0,1,1,5641815,37.7587535,-122.4336393,0,150,5.0,1.0552991459999999,240,1,1,0,0,0
182,0,0,1,1,0,1,0,0,0,0,0,0,0,0,1,0,0,0,0,0,0,0,0,0,0,0,0,0,0,0,0,0,0,0,1,2956406,37.757935700000004,-122.48953610000001,0,110,5.0,1.121772356,388,1,0,1,0,0
183,0,1,1,1,0,0,0,0,0,0,0,0,0,0,1,0,0,0,0,0,0,0,0,0,0,0,0,0,0,0,0,0,0,0,1,465723,37.7385331,-122.4716588,0,160,5.0,0.922057288,371,1,1,0,0,0
184,0,1,0,0,0,0,0,0,0,0,0,0,1,1,0,0,0,0,0,0,0,0,0,1,0,0,0,0,0,0,0,0,0,0,1,4069838,37.7267083,-122.43537620000001,0,127,5.0,1.0100973629999999,333,1,1,0,0,0
185,0,1,0,1,0,0,0,0,0,0,0,0,0,1,1,0,0,0,0,0,0,0,0,0,0,0,0,0,0,0,0,0,0,0,1,13774014,37.73436160000001,-122.4048752,0,165,5.0,1.105523349,96,1,1,0,0,0
186,0,1,1,0,0,0,0,0,0,0,0,0,0,0,0,0,0,0,0,0,1,0,0,0,0,0,0,0,0,0,0,0,0,1,1,10314621,37.5941065,-122.4053639,0,59,5.0,0.922057288,185,1,1,0,0,0
187,0,1,1,1,0,0,0,0,0,0,0,0,0,0,1,0,0,0,0,0,0,0,0,0,0,0,0,0,0,0,0,0,0,0,1,213532,37.770847700000004,-122.4481135,0,78,4.5,0.9430332790000001,366,0,1,0,0,0
188,0,0,1,1,0,0,0,0,0,0,0,1,0,0,1,0,0,0,0,0,0,0,0,0,0,0,0,0,0,0,0,0,0,0,1,18126981,37.7841624,-122.4677565,0,48,4.5,1.172587433,89,0,0,1,0,0
189,0,0,1,1,0,0,0,0,0,0,0,0,0,0,1,0,1,0,0,0,0,0,0,0,0,0,0,0,0,0,0,0,0,0,1,19507414,37.9324999,-122.31843020000001,0,53,5.0,1.054708273,83,1,0,1,0,0
190,0,1,1,1,0,0,0,0,0,0,0,0,0,0,1,0,0,0,0,0,0,0,0,0,0,0,0,0,0,0,0,0,0,0,1,8763676,37.7203047,-122.3934847,0,65,4.5,1.151611442,226,0,1,0,0,0
191,0,0,0,1,0,0,0,0,0,0,0,0,0,1,0,0,1,0,0,0,0,0,0,1,0,0,0,0,0,0,0,0,0,0,1,16858141,37.727,-122.39,0,62,4.5,1.151611442,92,0,0,1,0,0
192,0,1,1,1,0,0,0,0,0,0,0,0,0,0,1,0,0,0,0,0,0,0,0,0,0,0,0,0,0,0,0,0,0,0,1,16824774,37.7457658,-122.4239347,0,134,5.0,0.922057288,120,1,1,0,0,0
193,0,0,0,1,0,0,0,0,0,0,0,0,0,1,1,0,1,0,0,0,0,0,0,0,0,0,0,0,0,0,0,0,0,0,1,5229280,37.7388605,-122.4777656,0,119,4.5,0.922057288,210,0,0,1,0,0
194,0,1,0,1,0,0,0,0,0,0,0,0,0,1,0,0,0,0,0,0,0,0,0,1,0,0,0,0,0,0,0,0,0,0,1,12154878,37.7951469,-122.41909390000001,0,100,4.5,0.871833085,99,0,1,0,0,0
195,0,1,0,0,0,0,0,0,0,0,0,0,0,1,0,0,0,0,0,0,0,0,0,1,0,0,0,0,0,0,0,0,0,1,1,3441719,37.717003600000005,-122.4673507,0,55,4.0,0.922057288,260,0,1,0,0,0
196,0,0,0,1,0,0,1,0,0,0,0,0,0,0,0,0,0,0,0,1,0,0,0,1,0,0,0,0,0,0,0,0,0,0,1,24723,37.787164600000004,-122.4338611,0,195,5.0,0.8712422120000001,259,1,0,1,0,0
197,0,0,0,1,0,1,0,0,0,0,0,0,0,1,0,0,0,0,0,0,1,0,0,0,0,0,0,0,0,0,0,0,0,0,1,8739,37.76,-122.42200000000001,0,119,5.0,1.0552991459999999,613,1,0,1,0,0
198,0,1,0,1,0,0,0,0,0,0,0,0,0,1,0,0,0,0,0,0,0,0,0,1,0,0,0,0,0,0,0,0,0,0,1,13866653,37.7265856,-122.4172923,0,115,4.5,0.983212642,135,0,1,0,0,0
199,0,1,1,1,0,0,0,0,0,0,0,0,0,0,1,0,0,0,0,0,0,0,0,0,0,0,0,0,0,0,0,0,0,0,1,3309722,37.7388054,-122.42521380000001,0,150,5.0,0.983212642,298,1,1,0,0,0
200,0,0,0,1,0,0,0,0,0,0,0,0,0,0,0,0,0,0,0,0,0,0,1,1,0,0,0,0,0,0,0,0,0,0,1,4464347,37.79891370000001,-122.40611329999999,0,38,4.5,0.9448058979999999,211,0,0,0,1,1
201,0,1,0,1,0,0,0,0,0,0,0,0,0,1,0,0,0,0,0,0,0,0,0,1,0,0,0,0,0,0,0,0,0,0,1,277339,37.7268136,-122.4341905,0,110,5.0,1.0100973629999999,302,1,1,0,0,0
202,0,1,0,1,0,0,0,0,0,0,0,0,0,1,0,0,0,0,0,0,1,0,0,0,0,0,0,0,0,0,0,0,0,0,1,5144482,37.744578600000004,-122.46284320000001,0,147,5.0,0.983212642,220,1,1,0,0,0
203,0,1,0,1,0,0,0,0,0,0,0,0,0,1,0,0,0,0,0,0,1,0,0,0,0,0,0,0,0,0,0,0,0,0,1,2188919,37.7660213,-122.4165001,0,99,4.5,1.047322361,221,0,1,0,0,0
204,0,0,1,1,0,0,0,0,0,0,0,0,0,0,1,0,1,0,0,0,0,0,0,0,0,0,0,0,0,0,0,0,0,0,1,12956333,37.630857,-122.41544040000001,0,106,5.0,0.922057288,276,1,0,1,0,0
205,0,1,0,1,0,0,0,0,0,0,0,0,0,1,0,0,0,0,0,0,0,0,0,1,0,0,0,0,0,0,0,0,0,0,1,581216,37.8017179,-122.4350131,0,195,5.0,0.875378323,263,1,1,0,0,0
206,0,1,0,0,0,0,0,0,0,0,0,0,0,0,0,0,0,0,1,1,0,0,0,0,0,1,0,0,0,0,0,0,0,0,1,2126868,37.7337658,-122.46429040000001,0,45,4.5,0.922057288,175,1,1,0,0,0
207,0,0,1,1,1,0,0,0,0,0,0,0,0,0,0,0,0,0,0,0,0,1,0,0,0,0,0,0,0,0,0,0,0,0,1,17879855,37.8014979,-122.2755297,0,89,5.0,1.054708273,127,1,0,1,0,0
208,0,0,1,1,0,0,0,0,0,0,0,0,0,0,1,0,0,0,0,0,0,0,0,0,0,0,0,0,0,0,0,1,1,0,1,4902565,37.7853032,-122.41447360000001,0,115,4.5,0.829585667,315,0,0,0,0,0
209,0,1,0,1,0,0,0,0,0,0,0,0,0,1,0,0,0,0,0,0,0,0,0,1,0,0,0,0,0,0,0,0,0,0,1,3373317,37.923,-122.324,0,51,4.5,1.054708273,314,1,1,0,0,0
210,0,0,0,1,0,0,1,0,0,0,0,0,0,1,1,0,0,0,0,0,0,0,0,0,0,0,0,0,0,0,0,0,0,0,1,1880995,37.881364899999994,-122.2748811,0,98,5.0,1.054708273,520,1,0,1,0,0
211,0,1,1,1,0,0,0,0,0,0,0,0,0,0,1,0,0,0,0,0,0,0,0,0,0,0,0,0,0,0,0,0,0,0,1,676228,37.7285875,-122.45451820000001,0,110,4.5,1.0100973629999999,359,1,1,0,0,0
212,0,1,0,1,0,0,0,0,0,0,0,0,0,1,0,0,0,0,0,0,0,0,0,1,0,0,0,0,0,0,0,0,0,0,1,14240146,37.8178542,-122.2436696,0,80,5.0,1.054708273,156,1,1,0,0,0
213,0,0,1,1,0,0,1,0,0,0,0,0,0,0,1,0,0,0,0,0,0,0,0,0,0,0,0,0,0,0,0,0,0,0,1,16376353,37.749075399999995,-122.48171,0,79,5.0,0.922057288,215,1,0,1,0,0
214,0,1,0,1,0,0,0,0,0,0,0,0,0,1,0,0,0,0,0,0,0,0,0,1,0,0,0,0,0,0,0,0,0,0,1,905399,37.7487449,-122.4182491,0,69,5.0,1.047322361,115,1,1,0,0,0
215,0,0,0,1,0,0,1,0,0,0,0,0,0,1,1,0,0,0,0,0,0,0,0,0,0,0,0,0,0,0,0,1,0,0,1,20155597,37.793644,-122.42309750000001,0,141,5.0,0.871833085,96,1,0,0,0,0
216,0,1,0,1,0,0,0,0,0,0,0,0,0,0,0,0,0,0,0,1,0,0,0,1,0,0,0,0,0,0,0,0,0,0,1,7823272,37.776152,-122.50717309999999,0,120,5.0,1.172587433,99,1,1,0,0,0
217,0,0,1,1,1,0,1,0,0,0,0,0,0,0,0,0,0,0,0,0,0,0,0,0,0,0,0,0,0,0,0,0,0,0,1,568161,37.7327946,-122.4370054,0,68,5.0,0.983212642,308,1,0,1,0,0
218,0,0,1,1,0,1,0,0,0,0,0,0,0,0,1,0,0,0,0,0,0,0,0,0,0,0,0,0,0,0,0,0,0,0,1,20329259,37.796116999999995,-122.19884520000001,0,50,5.0,1.054708273,121,1,0,1,0,0
219,0,0,1,1,0,1,0,0,0,0,0,0,0,0,1,0,0,0,0,0,0,0,0,0,0,0,0,0,0,0,0,0,0,0,1,2088622,37.7247826,-122.4360918,0,72,5.0,1.0100973629999999,295,1,0,1,0,0
220,0,0,1,1,0,0,1,0,0,0,0,0,0,0,1,0,0,0,0,0,0,0,0,0,0,0,0,0,0,0,0,1,0,0,1,16456337,37.7498312,-122.43860320000002,0,85,5.0,0.922057288,105,1,0,0,0,0
221,0,0,1,1,0,1,0,0,0,0,0,0,0,0,1,0,0,0,0,0,0,0,0,0,0,0,0,0,0,0,0,0,0,0,1,9225,37.7625889,-122.40543059999999,0,125,4.5,1.105523349,427,0,0,1,0,0
222,0,0,1,1,0,0,1,0,0,0,0,0,0,0,1,0,0,0,0,0,0,0,0,0,0,0,0,0,0,0,0,0,0,0,1,11437509,37.7773716,-122.4107241,0,80,5.0,1.105523349,87,1,0,1,0,0
223,0,1,1,0,0,0,0,0,0,0,0,0,0,0,1,0,0,0,0,0,0,0,0,0,0,0,0,0,0,0,0,0,0,1,1,7181279,37.7337896,-122.4155581,0,140,4.5,0.983212642,136,0,1,0,0,0
224,0,0,0,1,0,1,0,0,0,0,0,0,0,1,0,0,0,0,0,0,1,0,0,0,0,0,0,0,0,0,0,0,0,0,1,6557736,37.748000000000005,-122.492,0,65,5.0,0.922057288,228,1,0,1,0,0
225,0,1,1,1,0,0,0,0,0,0,0,0,0,0,0,0,0,0,0,0,0,0,0,1,0,0,0,0,0,0,0,0,0,0,1,15005046,37.7332947,-122.45834840000002,0,130,5.0,1.0100973629999999,147,1,1,0,0,0
226,0,0,1,1,0,1,0,0,0,0,0,0,0,0,1,0,0,0,0,0,0,0,0,0,0,0,0,0,0,0,0,0,0,0,1,2331166,37.77333839999999,-122.5009041,0,90,5.0,1.172587433,162,0,0,1,0,0
227,0,0,0,1,0,0,0,0,0,0,0,0,0,0,0,0,0,0,0,0,0,0,1,1,0,0,0,0,0,0,0,0,0,0,1,4519780,37.798829100000006,-122.4047389,0,36,4.5,0.9448058979999999,195,0,0,0,1,1
228,0,1,0,1,0,0,0,0,0,0,0,0,0,1,0,0,0,0,0,0,0,0,0,1,0,0,0,0,0,0,0,0,0,0,1,4663060,37.744712799999995,-122.4313357,0,135,5.0,0.922057288,257,1,1,0,0,0
229,0,0,0,1,0,0,0,0,0,0,0,0,0,1,1,0,1,0,0,0,0,0,0,0,0,0,0,0,0,0,0,0,0,0,1,20367610,37.7470984,-122.47861670000002,0,69,5.0,0.922057288,74,1,0,1,0,0
230,0,1,1,1,0,0,0,0,0,0,0,0,0,0,1,0,0,0,0,0,0,0,0,0,0,0,0,0,0,0,0,0,0,0,1,1914270,37.798655100000005,-122.1996791,0,62,5.0,1.054708273,316,1,1,0,0,0
231,0,1,1,0,0,0,0,0,0,0,0,0,0,0,1,0,0,0,0,0,0,0,0,0,0,0,0,0,0,0,0,0,0,1,1,5196233,37.710109,-122.4464402,0,50,4.5,1.0100973629999999,48,0,1,0,0,0
232,0,1,1,0,0,0,0,0,0,0,0,0,0,0,0,0,0,0,0,0,1,0,0,0,0,0,0,0,0,0,0,0,0,1,0,14553088,37.7816,-122.4156,1,150,5.0,0.829585667,7,1,1,0,0,0
233,0,0,0,1,0,0,0,0,0,0,0,0,0,1,0,0,0,1,0,0,1,0,0,0,0,0,0,0,0,0,0,0,0,0,1,16219958,37.778769399999995,-122.4740691,0,97,4.5,1.172587433,140,0,0,1,0,0
234,0,1,1,1,0,0,0,0,0,0,0,0,0,0,1,0,0,0,0,0,0,0,0,0,0,0,0,0,0,0,0,0,0,0,1,4653022,37.7341617,-122.39197949999999,0,25,5.0,1.151611442,47,1,1,0,0,0
235,0,0,1,1,1,0,0,0,0,1,0,0,0,0,0,0,0,0,0,0,0,0,0,0,0,0,0,0,0,0,0,0,0,0,1,8195144,37.7513455,-122.45382859999998,0,129,4.5,0.983212642,156,0,0,1,0,0
236,0,0,1,1,0,0,0,0,0,0,0,1,0,0,1,0,0,0,0,0,0,0,0,0,0,0,0,0,0,0,0,0,0,0,1,14142409,37.760897899999996,-122.47768729999999,0,105,4.5,1.121772356,162,0,1,0,0,0
237,0,0,0,0,0,0,0,0,0,0,0,0,1,0,0,0,1,0,0,1,0,0,0,0,0,1,0,0,0,0,0,0,0,0,1,14422371,37.728,-122.389,0,91,4.5,1.151611442,161,0,0,1,0,0
238,0,0,1,1,0,1,0,0,0,0,0,0,0,0,1,0,0,0,0,0,0,0,0,0,0,0,0,0,0,0,0,0,0,0,1,12710902,37.829,-122.221,0,68,4.5,1.054708273,142,1,0,1,0,0
239,0,0,1,1,0,1,0,0,0,0,0,0,0,0,1,0,0,0,0,0,0,0,0,0,0,0,0,0,0,0,0,0,0,0,1,4882295,37.7361202,-122.41109709999999,0,85,5.0,0.983212642,179,1,0,1,0,0
240,0,0,1,1,0,0,1,0,0,0,0,0,0,0,1,0,0,0,0,0,0,0,0,0,0,0,0,0,0,0,0,0,0,0,1,18139471,37.677704999999996,-122.4902658,0,50,5.0,0.922057288,123,1,0,1,0,0
241,0,0,1,1,0,0,1,0,0,0,0,0,0,0,1,0,0,0,0,0,0,0,0,0,0,0,0,0,0,0,0,0,0,0,1,14858761,37.68122520000001,-122.3999461,0,53,4.5,0.983212642,240,0,0,1,0,0
242,0,1,0,1,0,0,0,0,0,0,0,0,0,1,0,0,0,0,0,0,1,0,0,0,0,0,0,0,0,0,0,0,0,0,1,23044309,37.7579078,-122.4380611,0,129,5.0,0.922057288,57,1,1,0,0,0
243,0,1,1,0,0,0,0,0,0,0,0,0,0,0,1,0,0,0,0,0,0,0,0,0,0,0,0,0,0,0,0,0,0,1,1,16311519,37.974954100000005,-122.5113794,0,125,5.0,0.875378323,230,1,1,0,0,0
244,0,0,1,1,0,0,1,0,0,0,0,0,0,0,1,0,0,0,0,0,0,0,0,0,0,0,0,0,0,0,0,0,0,0,1,11437442,37.777161299999996,-122.4093149,0,90,5.0,1.105523349,96,1,0,1,0,0
245,0,1,1,1,0,0,0,0,0,0,0,0,0,0,1,0,0,0,0,0,0,0,0,0,0,0,0,0,0,0,0,0,0,0,1,4257302,37.7766205,-122.44431570000002,0,100,5.0,0.9430332790000001,160,1,1,0,0,0
246,0,1,1,1,0,0,0,0,0,0,0,0,0,0,1,0,0,0,0,0,0,0,0,0,0,0,0,0,0,0,0,0,0,0,1,20001846,37.8014747,-122.2750774,0,89,5.0,1.054708273,93,1,1,0,0,0
247,0,1,1,1,0,0,0,0,0,0,0,0,0,0,0,0,0,0,0,0,1,0,0,0,0,0,0,0,0,0,0,0,0,0,1,11122531,37.744179200000005,-122.4323338,0,150,5.0,0.922057288,216,1,1,0,0,0
248,0,0,0,0,0,0,0,0,1,0,0,0,1,1,0,0,0,0,0,0,1,0,0,0,0,0,0,0,0,0,0,1,0,0,1,1471683,37.771,-122.429,0,90,5.0,0.8233815000000001,358,1,0,0,0,0
249,0,1,0,1,0,0,0,0,0,0,0,0,0,1,0,0,0,0,0,0,0,0,0,1,0,0,0,0,0,0,0,0,0,0,1,9012550,37.910991499999994,-122.07371200000001,0,95,5.0,1.054708273,111,1,1,0,0,0
251,0,1,1,1,0,0,0,0,0,0,0,0,0,0,1,0,0,0,0,0,0,0,0,0,0,0,0,0,0,0,0,0,0,0,1,44032,37.7514502,-122.41206979999998,0,95,5.0,1.047322361,279,1,1,0,0,0
252,0,0,1,1,1,0,0,0,0,0,0,1,0,0,0,0,0,0,0,0,0,0,0,0,0,0,0,0,0,0,0,0,0,0,1,8763407,37.7580965,-122.4138844,0,55,5.0,1.047322361,167,0,0,0,0,1
253,0,0,1,1,0,0,0,0,0,1,0,0,0,0,1,0,0,0,0,0,0,0,0,0,0,0,0,0,0,0,0,0,0,0,1,4654218,37.7259302,-122.4333719,0,52,5.0,1.0100973629999999,113,1,0,1,0,0
254,0,1,1,0,0,0,0,0,0,0,0,0,0,0,1,0,0,0,0,0,0,0,0,0,0,0,0,0,0,0,0,0,0,1,1,14934208,37.777,-122.415,0,99,5.0,0.829585667,86,1,1,0,0,0
255,0,0,0,1,0,1,0,0,0,0,0,0,0,1,0,0,0,0,0,0,0,0,0,1,0,0,0,0,0,0,0,1,0,0,1,24849879,37.7181895,-122.42846019999999,0,70,5.0,1.0100973629999999,33,1,0,0,0,0
256,0,0,0,1,0,1,0,0,0,0,0,0,0,1,0,0,0,0,0,0,0,0,0,1,0,0,0,0,0,0,0,0,0,0,1,859336,37.7689727,-122.43854640000002,0,110,5.0,0.9430332790000001,271,1,0,1,0,0
257,0,0,1,1,0,0,1,0,0,0,0,0,0,0,1,0,0,0,0,0,0,0,0,0,0,0,0,0,0,0,0,1,0,0,1,4359078,37.7975317,-122.42534199999999,0,129,4.5,0.8588338790000001,208,0,0,0,0,0
258,0,0,1,1,0,1,0,0,0,0,0,0,0,0,1,0,0,0,0,0,0,0,0,0,0,0,0,0,0,0,0,0,0,0,1,17433075,37.769,-122.45,0,56,4.5,0.9430332790000001,75,0,0,1,0,0
259,0,0,1,1,0,1,0,0,0,0,0,0,0,0,1,0,0,0,0,0,0,0,0,0,0,0,0,0,0,0,0,0,0,0,1,22469468,37.721887100000004,-122.4036997,0,86,5.0,0.983212642,59,1,0,1,0,0
260,0,0,0,1,0,1,0,0,0,0,0,0,0,1,0,0,0,0,0,0,0,0,0,1,0,0,0,0,0,0,0,0,0,0,1,4022990,37.797442100000005,-122.4253537,0,129,4.5,0.8588338790000001,213,0,0,1,0,0
261,0,1,1,0,0,0,0,0,0,0,0,0,0,0,1,0,0,0,0,0,0,0,0,0,0,0,0,0,0,0,0,0,0,1,1,10437411,37.770253600000004,-122.44738400000001,0,135,5.0,0.9430332790000001,211,1,1,0,0,0
262,0,0,0,0,0,1,0,0,0,0,0,0,1,1,0,0,0,0,0,0,0,0,0,1,0,0,0,0,0,0,0,0,0,0,0,1995487,37.7599,-122.4148,1,333,5.0,1.047322361,477,1,0,1,0,0
263,0,0,0,1,0,0,0,0,0,0,0,0,0,0,0,0,1,0,0,1,0,0,0,0,0,1,0,0,0,0,0,0,0,0,1,14043110,37.728642,-122.3878621,0,89,4.5,1.151611442,160,0,0,1,0,0
264,0,0,1,1,1,0,1,0,0,0,0,0,0,0,0,0,0,0,0,0,0,0,0,0,0,0,0,0,0,0,0,0,0,0,1,7068804,37.726774799999994,-122.46832309999999,0,70,5.0,0.922057288,128,1,0,1,0,0
265,0,1,1,1,0,0,0,0,0,0,0,0,0,0,1,0,0,0,0,0,0,0,0,0,0,0,0,0,0,0,0,0,0,0,1,13139589,37.9319896,-122.5459148,0,75,4.5,1.172587433,252,0,1,0,0,0
266,0,0,0,1,1,0,1,0,0,0,0,0,0,1,0,0,0,0,0,0,0,0,0,0,0,0,0,0,0,0,0,1,0,0,1,15911997,37.782298299999994,-122.4345993,0,70,5.0,0.849084475,69,1,0,0,0,0
267,0,0,1,1,1,0,0,0,0,0,0,1,0,0,0,0,0,0,0,0,0,0,0,0,0,0,0,0,0,0,0,0,0,0,1,8763366,37.7583008,-122.4128,0,55,5.0,1.047322361,152,0,0,0,0,1
268,0,1,1,1,0,0,0,0,0,0,0,0,0,0,1,0,0,0,0,0,0,0,0,0,0,0,0,0,0,0,0,0,0,0,1,9496937,37.804784600000005,-122.1922494,0,89,5.0,1.054708273,210,1,1,0,0,0
269,0,0,0,0,0,0,0,0,0,0,1,1,1,0,0,0,0,0,0,0,0,0,0,0,0,0,1,0,0,0,0,0,0,0,1,16790413,37.7769519,-122.4787119,0,117,4.5,1.172587433,117,0,1,0,0,0
270,0,1,0,1,0,0,0,0,0,0,0,0,0,0,0,0,0,0,0,1,0,0,0,1,0,0,0,0,0,0,0,0,0,0,1,6713445,37.7635581,-122.43256869999999,0,225,4.5,1.0552991459999999,181,0,1,0,0,0
271,0,0,1,1,0,0,1,0,0,0,0,0,0,0,1,0,0,0,0,0,0,0,0,0,0,0,0,0,0,0,0,1,0,0,1,4902729,37.7846841,-122.41481200000001,0,129,4.5,0.829585667,248,0,0,0,0,0
272,0,0,0,1,0,0,0,0,0,0,0,0,0,1,0,0,0,0,0,0,1,0,0,0,0,0,0,0,0,0,0,0,0,0,1,23630,37.759630200000004,-122.44143229999999,0,155,5.0,1.083661049,332,1,0,1,1,0
273,0,1,1,1,0,0,0,0,0,0,0,0,0,0,1,0,0,0,0,0,0,0,0,0,0,0,0,0,0,0,0,0,0,0,1,3896093,37.717170200000005,-122.4682949,0,50,4.5,0.922057288,71,0,1,0,0,0
274,0,0,1,1,0,1,0,0,0,0,0,0,0,0,1,0,0,0,0,0,0,0,0,0,0,0,0,0,0,0,0,0,0,0,1,256148,37.762,-122.443,0,149,5.0,1.083661049,519,1,0,1,0,0
275,0,1,1,0,0,0,0,0,0,0,0,0,0,0,1,0,0,0,0,0,0,0,0,0,0,0,0,0,0,0,0,0,0,1,1,1954525,37.780846200000006,-122.4729342,0,120,4.5,1.172587433,106,1,1,0,0,0
276,0,1,0,1,0,0,0,0,0,0,0,0,0,0,0,0,0,0,0,0,0,0,1,0,0,0,0,1,0,0,0,0,0,0,1,3040139,37.633793700000005,-122.47702439999999,0,250,5.0,0.922057288,353,1,1,0,0,0
277,0,0,1,1,0,0,0,0,0,1,0,0,0,0,1,0,0,0,0,0,0,0,0,0,0,0,0,0,0,0,0,1,0,0,1,8101297,37.801,-122.441,0,120,5.0,0.875378323,232,1,0,0,0,0
278,0,0,0,1,0,0,1,0,0,0,0,0,0,0,0,0,0,0,0,1,0,0,0,0,0,0,0,1,0,0,0,0,0,0,1,1393654,37.7523809,-122.45867179999999,0,84,5.0,0.983212642,463,1,0,1,0,0
279,0,1,0,1,0,0,0,0,0,0,0,0,0,1,0,0,0,0,0,0,1,0,0,0,0,0,0,0,0,0,0,0,0,0,1,2166428,37.76687570000001,-122.4464571,0,144,5.0,0.9430332790000001,140,0,1,0,0,0
280,0,0,1,1,0,0,0,0,0,0,0,0,0,0,1,0,1,0,0,0,0,0,0,0,0,0,0,0,0,0,0,0,0,0,1,2188976,37.764564899999996,-122.41383229999998,0,101,4.5,1.047322361,257,0,0,1,0,0
281,0,1,1,1,0,0,0,0,0,0,0,0,0,0,1,0,0,0,0,0,0,0,0,0,0,0,0,0,0,0,0,0,0,0,1,12562572,37.7336763,-122.4461422,0,115,5.0,1.0100973629999999,158,1,1,0,0,0
282,0,1,1,1,0,0,0,0,0,0,0,0,0,0,0,0,0,0,0,0,1,0,0,0,0,0,0,0,0,0,0,0,0,0,1,20695197,37.7045156,-122.4176281,0,90,5.0,0.983212642,75,1,1,0,0,0
283,0,0,0,1,0,0,0,0,0,0,0,0,0,1,0,0,1,0,0,0,1,0,0,0,0,0,0,0,0,0,0,0,0,0,1,4295573,37.7242411,-122.43389760000001,0,53,5.0,1.0100973629999999,92,1,0,1,0,0
284,0,1,0,0,0,0,0,0,0,0,0,0,1,1,0,0,0,0,0,0,0,0,0,0,0,0,0,1,0,0,0,0,0,0,1,8635973,37.7207404,-122.39384650000001,0,60,4.5,1.151611442,222,0,1,0,0,0
285,0,0,1,1,0,0,1,0,0,0,0,0,0,0,1,0,0,0,0,0,0,0,0,0,0,0,0,0,0,0,0,1,0,0,1,7788844,37.7313205,-122.39138090000002,0,126,4.5,1.151611442,175,0,0,0,0,0
286,0,1,0,0,0,0,0,0,0,0,0,0,1,1,0,0,0,0,0,0,0,0,0,1,0,0,0,0,0,0,0,0,0,0,1,2496086,37.7284139,-122.42313759999999,0,185,5.0,0.983212642,168,1,1,0,0,0
287,0,0,1,1,0,0,1,0,0,0,0,0,0,0,1,0,0,0,0,0,0,0,0,0,0,0,0,0,0,0,0,1,0,0,1,4380289,37.7124836,-122.4583192,0,59,4.0,0.922057288,196,0,0,0,0,0
288,0,0,1,0,0,1,0,0,0,0,0,0,0,0,1,0,0,0,0,0,0,0,0,0,0,0,0,0,0,0,0,0,0,1,1,14551959,37.7862166,-122.40958470000001,0,65,4.5,0.829585667,67,0,0,1,0,0
289,0,1,1,1,0,0,0,0,0,0,0,0,0,0,1,0,0,0,0,0,0,0,0,0,0,0,0,0,0,0,0,0,0,0,1,16780601,37.8332112,-122.21390559999999,0,75,5.0,1.054708273,120,1,1,0,0,0
290,0,1,1,0,0,0,0,0,0,0,0,0,0,0,1,0,0,0,0,0,0,0,0,0,0,0,0,0,0,0,0,0,0,1,0,13175533,37.7467,-122.4863,1,150,5.0,0.922057288,130,1,1,0,0,0
291,0,1,1,0,0,0,0,0,0,0,0,0,0,0,1,0,0,0,0,0,0,0,0,0,0,0,0,0,0,0,0,0,0,1,1,13293285,37.757032,-122.4893938,0,100,5.0,1.121772356,186,0,1,0,0,0
292,0,0,1,1,0,0,0,0,0,1,0,0,0,0,1,0,0,0,0,0,0,0,0,0,0,0,0,0,0,0,0,1,0,0,1,1336998,37.777786799999994,-122.4377545,0,100,5.0,0.9430332790000001,309,1,0,0,0,0
293,0,1,1,1,0,0,0,0,0,0,0,0,0,0,0,0,0,0,0,0,1,0,0,0,0,0,0,0,0,0,0,0,0,0,1,1535375,37.861846500000006,-122.2838875,0,100,5.0,1.054708273,422,1,1,0,0,0
294,0,0,1,1,0,0,0,0,0,0,0,1,0,0,1,0,0,0,0,0,0,0,0,0,0,0,0,0,0,0,0,0,0,0,1,220418,37.7704207,-122.4501926,0,78,4.5,0.9430332790000001,337,0,0,1,0,0
295,0,1,0,0,0,0,0,0,0,0,0,0,0,0,0,0,0,0,0,1,0,0,0,0,0,1,0,0,0,0,0,0,0,1,1,21045694,37.714460100000004,-122.4422267,0,74,5.0,1.0100973629999999,65,1,1,0,0,0
296,0,1,1,0,0,0,0,0,0,0,0,0,0,0,1,0,0,0,0,0,0,0,0,0,0,0,0,0,0,0,0,0,0,1,1,10783991,37.76331629999999,-122.470106,0,134,5.0,1.001234268,157,1,1,0,0,0
297,0,0,1,0,0,0,0,0,1,0,0,0,0,0,1,0,0,0,1,0,0,0,0,0,0,0,0,0,0,0,0,0,0,0,1,845480,37.708845700000005,-122.430768,0,65,4.5,1.0100973629999999,219,0,0,1,0,0
299,0,0,1,1,0,1,0,0,0,0,0,0,0,0,1,0,0,0,0,0,0,0,0,0,0,0,0,0,0,0,0,1,0,0,1,225205,37.7609672,-122.4231305,0,100,4.5,1.0552991459999999,340,1,0,0,0,0
300,0,0,1,1,1,0,1,0,0,0,0,0,0,0,0,0,0,0,0,0,0,0,0,0,0,0,0,0,0,0,0,1,0,0,1,12522,37.7607455,-122.43032409999999,0,79,5.0,1.0552991459999999,375,1,0,0,0,0
301,0,1,1,1,0,0,0,0,0,0,0,0,0,0,1,0,0,0,0,0,0,0,0,0,0,0,0,0,0,0,0,0,0,0,1,7222704,37.782866600000006,-122.4834628,0,105,5.0,1.172587433,214,1,1,0,0,0
302,0,1,0,1,0,0,0,0,0,0,0,0,0,1,0,0,0,0,0,0,0,0,0,1,0,0,0,0,0,0,0,0,0,0,1,8392088,37.8137159,-122.20193959999999,0,54,5.0,1.054708273,163,1,1,0,0,0
303,0,1,1,1,0,0,0,0,0,0,0,0,0,0,1,0,0,0,0,0,0,0,0,0,0,0,0,0,0,0,1,0,0,0,1,1836865,37.836503799999996,-122.27507340000001,0,75,4.5,1.054708273,198,0,0,0,0,0
304,0,0,1,1,0,1,0,0,0,0,0,0,0,0,1,0,0,0,0,0,0,0,0,0,0,0,0,0,0,0,0,0,0,0,1,683598,37.8425681,-122.26597290000001,0,55,5.0,1.054708273,350,1,0,1,0,0
305,0,0,1,1,0,1,0,0,0,0,0,0,0,0,1,0,0,0,0,0,0,0,0,0,0,0,0,0,0,0,0,0,0,0,1,4012457,37.90127570000001,-122.64055359999999,0,175,5.0,1.172587433,525,1,0,1,0,0
306,0,1,1,1,0,0,0,0,0,0,0,0,0,0,1,0,0,0,0,0,0,0,0,0,0,0,0,0,0,0,0,0,0,0,1,545685,37.7761902,-122.4823081,0,70,5.0,1.172587433,616,1,1,0,0,0
307,0,1,1,1,0,0,0,0,0,0,0,0,0,0,1,0,0,0,0,0,0,0,0,0,0,0,0,0,0,0,0,0,0,0,1,14990478,37.7309544,-122.4446876,0,100,5.0,1.0100973629999999,219,1,1,0,0,0
308,0,0,1,1,0,0,1,0,0,0,0,0,0,0,1,0,0,0,0,0,0,0,0,0,0,0,0,0,0,0,0,0,0,0,1,4948340,37.7835415,-122.46771340000001,0,52,4.5,1.172587433,324,0,0,1,0,0
309,0,1,1,1,0,0,0,0,0,0,0,0,0,0,1,0,0,0,0,0,0,0,0,0,0,0,0,0,0,0,0,0,0,0,1,585326,37.7763219,-122.48067179999998,0,67,5.0,1.172587433,548,1,1,0,0,0
310,0,0,1,1,0,0,1,0,0,0,0,0,0,0,1,0,0,0,0,0,0,0,0,0,0,0,0,0,0,0,0,0,0,0,1,4948327,37.78477879999999,-122.46803500000001,0,55,4.5,1.172587433,293,0,0,1,0,0
311,0,1,1,1,1,0,0,0,0,0,0,0,0,0,0,0,0,0,0,0,0,0,0,0,0,0,0,0,0,0,0,0,0,0,1,19014320,37.7523821,-122.4128848,0,50,5.0,1.047322361,92,1,1,0,0,0
312,0,1,1,0,0,0,0,0,0,0,0,0,0,0,1,0,0,0,0,0,0,0,0,0,0,0,0,0,0,0,0,0,0,1,1,12511225,37.7874494,-122.40925520000002,0,78,4.5,0.829585667,97,0,1,0,0,0
313,0,1,1,1,0,0,0,0,0,0,0,0,0,0,1,0,0,0,0,0,0,0,0,0,0,0,0,0,0,0,0,0,0,0,1,2538807,37.7429945,-122.4666352,0,69,5.0,0.983212642,182,1,1,0,0,0
314,0,0,1,1,0,0,1,0,0,0,0,0,0,0,1,0,0,0,0,0,0,0,0,0,0,0,0,0,0,0,0,0,0,0,1,16376205,37.749745399999995,-122.48241940000001,0,79,5.0,0.922057288,218,1,0,1,0,0
315,0,1,1,0,0,0,0,0,0,0,0,0,0,0,1,0,0,0,0,0,0,0,0,0,0,0,0,0,0,0,0,0,0,1,1,11014900,37.9691725,-122.28884380000001,0,46,5.0,1.054708273,158,1,1,0,0,0
316,0,1,1,1,0,0,0,0,0,0,0,0,0,0,1,0,0,0,0,0,0,0,0,0,0,0,0,0,0,0,0,0,0,0,1,719431,37.7402797,-122.46884990000001,0,90,5.0,0.922057288,248,1,1,0,0,0
317,0,0,1,1,0,1,0,0,0,0,0,0,0,0,1,0,0,0,0,0,0,0,0,0,0,0,0,0,0,0,0,0,0,0,1,150848,37.761995399999996,-122.39391470000001,0,75,5.0,1.151611442,196,1,0,1,0,0
318,0,1,0,1,0,0,0,0,0,0,0,0,0,0,0,0,0,0,0,1,1,0,0,0,0,0,0,0,0,0,0,0,0,0,0,10943827,37.7378,-122.4321,1,116,5.0,0.983212642,159,1,1,0,0,0
319,0,1,1,0,0,0,0,0,0,0,0,0,0,0,1,0,0,0,0,0,0,0,0,0,0,0,0,0,0,0,0,0,0,1,1,9805697,37.83332120000001,-122.2240865,0,65,4.5,1.054708273,264,0,1,0,0,0
320,0,1,1,1,0,0,0,0,0,0,0,0,0,0,1,0,0,0,0,0,0,0,0,0,0,0,0,0,0,0,0,0,0,0,1,13661253,37.6416593,-122.46005020000001,0,55,4.5,0.922057288,318,0,1,0,0,0
321,0,0,1,1,0,1,0,0,0,0,0,0,0,0,1,0,0,0,0,0,0,0,0,0,0,0,0,0,0,0,0,0,0,0,1,21425660,37.721200399999994,-122.40211459999999,0,89,5.0,0.983212642,71,1,0,1,0,0
322,0,1,0,0,0,0,0,0,0,0,0,0,1,1,0,0,0,0,0,0,0,0,0,0,0,1,0,0,0,0,0,0,0,0,1,4902444,37.7984508,-122.40445349999999,0,36,5.0,0.9448058979999999,168,0,1,0,0,0
323,0,0,0,1,0,0,0,0,0,0,0,0,0,0,0,0,0,0,0,0,0,0,1,1,0,0,0,0,0,0,0,0,0,0,1,3780418,37.7757647,-122.4154915,0,125,5.0,1.145998149,291,1,0,0,1,1
324,0,0,0,1,0,0,0,0,0,0,0,0,0,1,1,0,1,0,0,0,0,0,0,0,0,0,0,0,0,0,0,0,0,0,1,16858141,37.727,-122.39,0,58,4.5,1.151611442,92,0,0,1,0,0
325,0,1,1,0,0,0,0,0,0,0,0,0,0,0,0,0,0,0,0,0,1,0,0,0,0,0,0,0,0,0,0,0,0,1,1,13774014,37.73436160000001,-122.4048752,0,155,5.0,1.105523349,96,1,1,0,0,0
326,0,0,1,1,1,0,1,0,0,0,0,0,0,0,0,0,0,0,0,0,0,0,0,0,0,0,0,0,0,0,0,0,0,0,1,4263821,37.7509299,-122.4270217,0,69,5.0,0.922057288,197,1,0,1,0,0
327,0,0,1,0,0,1,0,0,0,0,0,0,0,0,1,0,0,0,0,0,0,0,0,0,0,0,0,0,0,0,0,1,0,1,1,12515810,37.7558184,-122.40162169999999,0,67,4.5,1.105523349,119,0,0,0,0,0
328,0,0,1,1,0,1,0,0,0,0,0,0,0,0,1,0,0,0,0,0,0,0,0,0,0,0,0,0,0,0,0,0,0,0,1,1043282,37.7585526,-122.44529890000001,0,78,5.0,1.083661049,442,1,0,1,0,0
329,0,0,0,1,0,1,0,0,0,0,0,0,0,1,0,0,0,0,0,0,1,0,0,0,0,0,0,0,0,0,0,0,0,0,1,6494663,37.748000000000005,-122.492,0,75,5.0,0.922057288,249,1,0,1,0,0
330,0,1,1,1,0,0,0,0,0,0,0,0,0,0,1,0,0,0,0,0,0,0,0,0,0,0,0,0,0,0,0,0,0,0,1,3577748,37.600782099999996,-122.4073735,0,90,5.0,0.922057288,497,0,1,0,0,0
303,0,1,1,1,0,0,0,0,0,0,0,0,0,0,1,0,0,0,0,0,0,0,0,0,0,0,0,0,0,0,0,0,0,0,1,499096,37.7585276,-122.4238706,0,100,5.0,1.001234268,164,1,1,0,0,0
304,0,1,1,1,0,0,0,0,0,0,0,0,0,0,0,0,0,0,0,0,1,0,0,0,0,0,0,0,0,0,0,0,0,0,1,1150867,37.768464,-122.4386285,0,258,5.0,1.0100973629999999,285,1,1,0,0,0
305,0,1,0,1,0,0,0,0,0,0,0,0,0,1,0,0,0,0,0,0,0,0,0,1,0,0,0,0,0,0,0,0,0,0,1,7615490,37.7341404,-122.44397009999999,0,225,5.0,1.172587433,245,1,1,0,0,0
306,0,1,1,0,0,0,0,0,0,0,0,0,0,0,1,0,0,0,0,0,0,0,0,0,0,0,0,0,0,0,0,0,0,1,1,8351923,37.7428765,-122.4614686,0,125,5.0,1.172587433,228,1,1,0,0,0
308,0,1,1,1,0,0,0,0,0,0,0,0,0,0,1,0,0,0,0,0,0,0,0,0,0,0,0,0,0,0,0,0,0,0,1,4269254,37.7829717,-122.4315598,0,155,5.0,1.047322361,256,1,1,0,0,0
309,0,1,1,1,0,0,0,0,0,0,0,0,0,0,1,0,0,0,0,0,0,0,0,0,0,0,0,0,0,0,0,0,0,0,1,10926858,37.811036200000004,-122.2046429,0,100,5.0,1.0552991459999999,180,1,1,0,0,0
310,0,1,0,1,0,0,0,0,0,0,0,0,0,1,0,0,0,0,0,0,1,0,0,0,0,0,0,0,0,0,0,0,0,0,1,6331695,37.742068599999996,-122.4306852,0,165,5.0,1.083661049,266,0,1,0,0,0
311,0,1,0,1,0,0,0,0,0,0,0,0,0,1,0,0,0,0,0,0,1,0,0,0,0,0,0,0,0,0,0,0,0,0,1,1164114,37.768690899999996,-122.13584499999999,0,90,5.0,1.047322361,262,1,1,0,0,0
312,0,1,0,1,0,0,0,0,0,0,0,0,0,0,0,0,0,0,0,0,0,0,1,0,0,0,0,1,0,0,0,0,0,0,1,794626,37.7292403,-122.4265298,0,110,4.5,1.024869187,189,1,1,0,0,0
313,0,1,0,0,0,0,0,0,0,0,0,0,0,1,0,0,0,0,0,0,0,0,0,1,0,0,0,0,0,0,0,0,0,1,1,1209127,37.8662284,-122.5028307,0,125,5.0,1.047322361,363,1,1,0,0,0
314,0,1,1,1,0,0,0,0,0,0,0,0,0,0,1,0,0,0,0,0,0,0,0,0,0,0,0,0,0,0,0,0,0,0,1,1246891,37.763929499999996,-122.435022,0,111,5.0,1.151611442,175,1,1,0,0,0
315,0,1,1,1,0,0,0,0,0,0,0,0,0,0,1,0,0,0,0,0,0,0,0,0,0,0,0,0,0,0,0,0,0,0,1,727866,37.74780560000001,-122.5031612,0,129,5.0,1.0100973629999999,394,1,1,0,0,0
