,0 beds,1 bath,1 bed,1 bedroom,1 guest,1 private bath,1 shared bath,1.5 baths,1.5 private baths,1.5 shared baths,2 baths,2 bedrooms,2 beds,2 guests,2 private baths,2 shared baths,2.5 shared baths,3 bedrooms,3 beds,3 guests,3 shared baths,4 beds,4 guests,5 beds,5 guests,6 beds,6 guests,Boat,Camper/RV,Private room in apartment,Shared half-bath,Studio,free_cancel,lat,long,plus,price,ratings,rental_price_norm,reviews,superhost,entire_place,private_room,no_baths,shared_room,logprice
0,0,1,1,1,0,0,0,0,0,0,0,0,0,1,0,0,0,0,0,0,0,0,0,0,0,0,0,0,0,0,0,0,1,37.7592664,-122.4631119,0,120,5.0,1.001234268,239,1,1,0,0,0,4.787491742782046
1,0,1,1,1,0,0,0,0,0,0,0,0,0,1,0,0,0,0,0,0,0,0,0,0,0,0,0,0,0,0,0,0,1,37.7309544,-122.4446876,0,101,5.0,1.010097363,219,1,1,0,0,0,4.61512051684126
2,0,0,1,1,0,0,1,0,0,0,0,0,0,1,0,0,0,0,0,0,0,0,0,0,0,0,0,0,0,0,0,0,1,37.7835415,-122.4677134,0,53,4.5,1.172587433,324,0,0,1,0,0,3.970291913552122
3,0,1,1,1,0,0,0,0,0,0,0,0,0,1,0,0,0,0,0,0,0,0,0,0,0,0,0,0,0,0,0,0,1,37.7761902,-122.4823081,0,68,5.0,1.172587433,616,1,1,0,0,0,4.219507705176107
4,0,1,0,0,0,0,0,0,0,0,0,0,1,0,0,0,0,0,0,0,0,0,1,0,0,0,0,0,0,0,0,1,1,37.7424814,-122.4106881,0,149,5.0,1.047322361,339,1,1,0,0,0,5.003946305945459
5,0,1,1,1,0,0,0,0,0,0,0,0,0,1,0,0,0,0,0,0,0,0,0,0,0,0,0,0,0,0,0,0,1,37.76300000000001,-122.427,0,125,5.0,1.055299146,396,1,1,0,0,0,4.8283137373023015
6,0,1,1,0,0,0,0,0,0,0,0,0,0,1,0,0,0,0,0,0,0,0,0,0,0,0,0,0,0,0,0,1,1,37.7521842,-122.4419707,0,117,5.0,1.083661049,189,1,1,0,0,0,4.762173934797756
7,0,0,0,1,0,0,1,0,0,0,0,0,1,0,0,0,0,0,0,1,0,0,0,0,0,0,0,0,0,1,0,0,1,37.7562123,-122.4155464,0,90,5.0,1.047322361,544,1,0,0,0,0,4.499809670330265
8,0,1,1,0,0,0,0,0,0,0,0,0,0,1,0,0,0,0,0,0,0,0,0,0,0,0,0,0,0,0,0,1,1,37.7901101,-122.4068003,0,75,5.0,1.024869187,11,0,1,0,0,0,4.31748811353631
9,0,1,1,0,0,0,0,0,0,0,0,0,0,1,0,0,0,0,0,0,0,0,0,0,0,0,0,0,0,0,0,1,1,37.745692,-122.4175826,0,93,5.0,1.047322361,252,0,1,0,0,0,4.532599493153256
10,0,1,0,0,0,0,0,0,0,0,0,1,1,0,0,0,0,0,0,0,0,0,1,0,0,0,0,0,0,0,0,0,0,37.7404,-122.3819,1,105,5.0,1.151611442,157,1,0,0,0,0,4.653960350157523
11,0,1,0,0,0,0,0,0,0,0,0,1,0,0,0,0,0,0,1,0,0,0,1,0,0,0,0,0,0,0,0,0,1,37.7285685,-122.4521493,0,150,5.0,1.010097363,225,1,1,0,0,0,5.0106352940962555
12,0,0,1,1,0,0,1,0,0,0,0,0,0,0,0,0,0,0,0,1,0,0,0,0,0,0,0,0,0,0,0,0,1,37.7158747,-122.4483555,0,74,4.5,1.010097363,405,0,0,1,0,0,4.30406509320417
13,0,1,1,1,0,0,0,0,0,0,0,0,0,1,0,0,0,0,0,0,0,0,0,0,0,0,0,0,0,0,0,0,1,37.7763219,-122.48067179999998,0,66,5.0,1.172587433,548,1,1,0,0,0,4.189654742026425
14,0,1,1,1,0,0,0,0,0,0,0,0,0,0,0,0,0,0,0,0,0,0,0,0,1,0,0,0,0,0,0,0,1,37.7165031,-122.4669416,0,70,4.5,0.922057288,215,0,1,0,0,0,4.248495242049359
15,0,0,1,1,0,0,1,0,0,0,0,0,0,1,0,0,0,0,0,0,0,0,0,0,0,0,0,0,0,0,0,0,1,37.7249146,-122.4351552,0,59,4.5,1.010097363,332,1,0,1,0,0,4.07753744390572
16,1,0,0,1,0,1,0,0,0,0,0,0,0,1,0,0,0,0,0,0,0,0,0,0,0,0,0,0,0,0,0,0,1,37.7117019,-122.4345145,0,98,5.0,1.010097363,347,1,0,1,0,0,4.584967478670572
17,0,0,1,1,0,1,0,0,0,0,0,0,0,1,0,0,0,0,0,0,0,0,0,0,0,0,0,0,0,0,0,0,1,37.7505731,-122.4172257,0,67,4.5,1.047322361,213,0,0,1,0,0,4.204692619390966
18,0,1,0,1,0,0,0,0,0,0,0,0,1,0,0,0,0,0,0,0,0,0,1,0,0,0,0,0,0,0,0,0,1,37.7184688,-122.4518128,0,100,5.0,1.010097363,275,0,1,0,0,0,4.605170185988092
19,0,0,1,1,0,1,0,0,0,0,0,0,0,1,0,0,0,0,0,0,0,0,0,0,0,0,0,0,0,0,0,0,1,37.7897383,-122.4343917,0,129,5.0,0.8712422120000001,423,1,0,1,0,0,4.859812404361672
20,0,0,1,1,0,1,0,0,0,0,0,0,0,1,0,0,0,0,0,0,0,0,0,0,0,0,0,0,0,0,0,0,1,37.733,-122.415,0,25,5.0,0.983212642,146,1,0,1,0,0,3.2188758248682006
21,0,1,1,1,0,0,0,0,0,0,0,0,0,1,0,0,0,0,0,0,0,0,0,0,0,0,0,0,0,1,0,0,1,37.7946091,-122.4121318,0,48,4.5,0.871833085,269,0,0,0,0,0,3.871201010907891
22,0,0,0,1,0,0,0,0,0,0,0,0,1,1,0,1,0,0,0,0,0,0,0,0,0,0,0,0,0,0,0,0,1,37.746602,-122.4791699,0,40,5.0,0.922057288,72,1,0,1,0,0,3.6888794541139363
23,0,0,1,1,0,0,1,0,0,0,0,0,0,0,0,0,0,0,0,1,0,0,0,0,0,0,0,0,0,0,0,0,1,37.7214736,-122.4086808,0,69,5.0,0.983212642,238,1,0,1,0,0,4.23410650459726
24,0,1,1,0,0,0,0,0,0,0,0,0,0,0,0,0,0,0,0,0,0,0,1,0,0,0,0,0,0,0,0,1,1,37.881902,-122.263316,0,69,5.0,1.054708273,460,1,1,0,0,0,4.23410650459726
25,0,1,1,0,0,0,0,0,0,0,0,1,0,1,0,0,0,0,0,0,0,0,0,0,0,0,0,0,0,0,0,0,1,37.7846034,-122.4438868,0,105,4.5,0.959577723,223,1,1,0,0,0,4.653960350157523
26,0,0,1,1,0,0,1,0,0,0,0,0,0,1,0,0,0,0,0,0,0,0,0,0,0,0,0,0,0,0,0,0,1,37.808,-122.288,0,39,5.0,1.054708273,459,1,0,1,0,0,3.6635616461296463
27,0,0,1,1,0,0,0,0,0,0,0,0,0,1,0,0,0,0,0,0,0,0,0,0,0,0,0,0,0,0,0,0,1,37.794,-122.404,0,38,4.5,1.024869187,324,0,0,0,0,1,3.6375861597263857
28,0,1,1,1,0,0,0,0,0,0,0,0,0,1,0,0,0,0,0,0,0,0,0,0,0,0,0,0,0,0,0,0,1,37.7455531,-122.4338365,0,99,5.0,0.922057288,456,1,1,0,0,0,4.59511985013459
29,0,0,1,1,0,1,0,0,0,0,0,0,0,1,0,0,0,0,0,0,0,0,0,0,0,0,0,0,0,0,0,0,0,37.7471,-122.4122,1,130,5.0,1.047322361,117,1,0,1,0,0,4.867534450455582
30,0,0,1,1,0,0,0,0,0,1,0,0,0,1,0,0,0,0,0,0,0,0,0,0,0,0,0,0,0,1,0,0,1,37.7685857,-122.4334845,0,75,5.0,0.943033279,59,0,0,0,0,0,4.31748811353631
31,0,1,1,0,0,0,0,0,0,0,0,0,0,1,0,0,0,0,0,0,0,0,0,0,0,0,0,0,0,0,0,1,1,37.8029201,-122.1919307,0,81,5.0,1.054708273,268,1,1,0,0,0,4.394449154672439
32,0,1,1,1,0,0,0,0,0,0,0,0,0,1,0,0,0,0,0,0,0,0,0,0,0,0,0,0,0,1,0,0,1,37.7871883,-122.4303328,0,76,5.0,0.849084475,344,1,0,0,0,0,4.330733340286331
33,0,0,1,1,0,0,1,0,0,0,0,0,0,1,0,0,0,0,0,0,0,0,0,0,0,0,0,0,0,0,0,0,1,37.7244056,-122.4351689,0,60,5.0,1.010097363,314,1,0,1,0,0,4.0943445622221
34,0,0,1,1,1,0,0,0,0,0,1,0,0,0,0,0,0,0,0,0,0,0,0,0,0,0,0,0,0,0,0,0,1,37.7703033,-122.4502068,0,53,4.5,0.943033279,344,0,0,1,0,0,3.970291913552122
35,0,1,0,1,0,0,0,0,0,0,0,0,1,0,0,0,0,0,0,1,0,0,0,0,0,0,0,0,0,0,0,0,1,37.7573398,-122.508541,0,130,5.0,1.121772356,225,1,1,0,0,0,4.867534450455582
36,0,1,0,1,0,0,0,0,0,0,0,0,1,0,0,0,0,0,0,0,0,0,0,0,1,0,0,0,0,0,0,0,1,37.7636947,-122.4530373,0,141,5.0,1.001234268,450,1,1,0,0,0,4.948759890378168
37,0,1,0,1,0,0,0,0,0,0,0,0,1,0,0,0,0,0,0,1,0,0,0,0,0,0,0,0,0,0,0,0,1,37.76746470000001,-122.4448272,0,185,5.0,0.943033279,240,1,1,0,0,0,5.220355825078324
38,0,1,1,1,0,0,0,0,0,0,0,0,0,1,0,0,0,0,0,0,0,0,0,0,0,0,0,0,0,0,0,0,1,37.878887,-122.5370332,0,160,5.0,1.172587433,808,1,1,0,0,0,5.075173815233827
39,0,1,1,1,0,0,0,0,0,0,0,0,0,1,0,0,0,0,0,0,0,0,0,0,0,0,0,0,0,0,0,0,0,37.7544,-122.4477,1,120,5.0,1.083661049,182,1,0,1,0,0,4.787491742782046
40,0,1,1,1,0,0,0,0,0,0,0,0,0,1,0,0,0,0,0,0,0,0,0,0,0,0,0,0,0,0,0,0,1,37.7670959,-122.4241492,0,140,5.0,1.055299146,343,1,1,0,0,0,4.941642422609304
41,0,1,0,0,0,0,0,0,0,0,0,1,0,0,0,0,0,0,1,0,0,0,1,0,0,0,0,0,0,0,0,0,1,37.7639089,-122.4977868,0,140,5.0,1.121772356,399,1,1,0,0,0,4.941642422609304
42,0,1,0,1,0,0,0,0,0,0,0,0,1,0,0,0,0,0,0,1,0,0,0,0,0,0,0,0,0,0,0,0,1,37.7342968,-122.3879504,0,95,4.5,1.151611442,253,1,1,0,0,0,4.553876891600541
43,0,1,1,1,0,0,0,0,0,0,0,0,0,1,0,0,0,0,0,0,0,0,0,0,0,0,0,0,0,0,0,0,1,37.7348498,-122.4340654,0,160,5.0,0.983212642,481,1,1,0,0,0,5.075173815233827
44,0,0,1,1,0,0,1,0,0,0,0,0,0,1,0,0,0,0,0,0,0,0,0,0,0,0,0,0,0,1,0,0,1,37.786589,-122.4135585,0,109,4.5,0.829585667,383,0,0,0,0,0,4.6913478822291435
45,0,0,1,1,0,0,1,0,0,0,0,0,0,1,0,0,0,0,0,0,0,0,0,0,0,0,0,0,0,0,0,0,1,37.733,-122.415,0,25,5.0,0.983212642,205,1,0,1,0,0,3.2188758248682006
47,0,1,1,0,0,0,0,0,0,0,0,0,0,1,0,0,0,0,0,0,0,0,0,0,0,0,0,0,0,0,0,1,1,37.7224843,-122.4277876,0,85,5.0,0.983212642,100,1,1,0,0,0,4.442651256490317
48,0,1,1,1,0,0,0,0,0,0,0,0,0,1,0,0,0,0,0,0,0,0,0,0,0,0,0,0,0,0,0,0,1,37.85536670000001,-122.4795549,0,89,4.5,0.875378323,346,0,1,0,0,0,4.48863636973214
49,0,1,0,1,0,0,0,0,0,0,0,0,1,0,0,0,0,0,0,0,0,0,1,0,0,0,0,0,0,0,0,0,1,37.773922,-122.5092505,0,125,4.5,1.172587433,96,0,1,0,0,0,4.8283137373023015
50,0,1,1,1,0,0,0,0,0,0,0,0,0,1,0,0,0,0,0,0,0,0,0,0,0,0,0,0,0,0,0,0,1,37.8770149,-122.2750174,0,90,5.0,1.054708273,510,1,1,0,0,0,4.499809670330265
51,0,1,1,1,0,0,0,0,0,0,0,0,0,0,0,0,0,0,0,1,0,0,0,0,0,0,0,0,0,0,0,0,1,37.7742153,-122.4677324,0,135,5.0,1.172587433,162,1,1,0,0,0,4.90527477843843
52,0,0,1,1,0,0,1,0,0,0,0,0,0,1,0,0,0,0,0,0,0,0,0,0,0,0,0,0,0,0,0,0,1,37.7468727,-122.4283969,0,105,5.0,0.922057288,259,1,0,1,0,0,4.653960350157523
53,0,1,1,0,0,0,0,0,0,0,0,0,0,1,0,0,0,0,0,0,0,0,0,0,0,0,0,0,0,0,0,1,1,37.78477879999999,-122.468035,0,55,4.5,1.172587433,293,0,1,0,0,0,4.007333185232471
54,0,0,1,1,0,0,1,0,0,0,0,0,0,1,0,0,0,0,0,0,0,0,0,0,0,0,0,0,0,0,0,0,1,37.7874494,-122.40925520000002,0,77,4.5,0.829585667,97,0,0,1,0,0,4.343805421853684
55,0,1,0,0,0,0,0,0,0,0,0,0,0,0,0,0,0,1,1,0,0,0,0,0,1,0,0,0,0,0,0,0,1,37.8400374,-122.21182079999998,0,75,5.0,1.054708273,332,1,1,0,0,0,4.31748811353631
56,0,0,1,1,0,1,0,0,0,0,0,0,0,1,0,0,0,0,0,0,0,0,0,0,0,0,0,0,0,0,0,0,1,37.9283541,-122.3904531,0,30,5.0,0.944805898,185,1,0,1,0,0,3.4011973816621555
57,0,1,0,1,0,0,0,0,0,0,0,0,1,0,0,0,0,0,0,0,0,0,1,0,0,0,0,0,0,0,0,0,1,37.7473279,-122.489515,0,129,5.0,0.922057288,331,1,1,0,0,0,4.859812404361672
58,0,1,1,1,0,0,0,0,0,0,0,0,0,1,0,0,0,0,0,0,0,0,0,0,0,0,0,0,0,0,0,0,1,37.765,-122.397,0,230,5.0,1.105523349,627,1,1,0,0,0,5.438079308923196
59,0,1,1,1,0,0,0,0,0,0,0,0,0,1,0,0,0,0,0,0,0,0,0,0,0,0,0,0,0,1,0,0,1,37.7845695,-122.4145504,0,119,4.5,0.829585667,359,0,0,0,0,0,4.77912349311153
60,0,0,1,1,0,0,1,0,0,0,0,0,0,1,0,0,0,0,0,0,0,0,0,0,0,0,0,0,0,0,0,0,1,37.7730133,-122.5010861,0,40,4.5,1.172587433,143,0,0,1,0,0,3.6888794541139363
61,0,1,0,1,0,0,0,0,0,0,0,0,1,0,0,0,0,0,0,1,0,0,0,0,0,0,0,0,0,0,0,0,1,37.7145248,-122.4065795,0,85,4.5,0.983212642,107,0,1,0,0,0,4.442651256490317
62,0,1,0,0,0,0,0,0,0,0,0,0,1,1,0,0,0,0,0,0,0,0,0,0,0,0,0,0,0,0,0,1,0,37.7433,-122.414,1,100,5.0,1.047322361,23,1,1,0,0,0,4.605170185988092
63,0,0,0,1,0,1,0,0,0,0,0,0,1,0,0,0,0,0,0,1,0,0,0,0,0,0,0,0,0,0,0,0,1,37.74800000000001,-122.492,0,45,5.0,0.922057288,249,1,0,1,0,0,3.8066624897703196
64,0,0,0,1,0,1,0,0,0,0,0,0,1,1,0,0,0,0,0,0,0,0,0,0,0,0,0,0,0,0,0,0,1,37.73967310000001,-122.4269439,0,81,5.0,0.983212642,304,1,0,1,0,0,4.394449154672439
65,0,1,1,0,0,0,0,0,0,0,0,0,0,1,0,0,0,0,0,0,0,0,0,0,0,0,0,0,0,0,0,1,1,37.785984,-122.4077414,0,89,4.5,0.829585667,106,0,1,0,0,0,4.48863636973214
66,0,0,1,1,0,0,0,0,0,0,0,0,0,1,0,0,0,0,0,0,0,0,0,0,0,0,0,0,0,0,0,0,1,37.7453881,-122.4304595,0,90,5.0,0.922057288,248,1,0,1,1,0,4.499809670330265
67,0,1,1,1,0,0,0,0,0,0,0,0,0,1,0,0,0,0,0,0,0,0,0,0,0,0,0,0,0,0,0,0,1,37.7557465,-122.4791684,0,100,4.5,1.121772356,280,0,1,0,0,0,4.605170185988092
68,0,1,1,0,0,0,0,0,0,0,0,0,0,0,0,0,0,0,0,1,0,0,0,0,0,0,0,0,0,0,0,1,1,37.86108,-122.2814995,0,95,5.0,1.054708273,265,1,1,0,0,0,4.553876891600541
69,0,1,0,1,0,0,0,0,0,0,0,0,1,0,0,0,0,0,0,0,0,0,1,0,0,0,0,0,0,0,0,0,1,37.7730653,-122.4429333,0,165,5.0,0.943033279,303,1,1,0,0,0,5.10594547390058
70,0,1,1,1,0,0,0,0,0,0,0,0,0,1,0,0,0,0,0,0,0,0,0,0,0,0,0,1,0,0,0,0,1,37.7789419,-122.2427738,0,109,5.0,1.054708273,540,1,0,0,0,0,4.6913478822291435
71,0,1,0,0,0,0,0,0,0,0,0,1,0,0,0,0,0,0,1,0,0,0,0,0,0,0,1,0,0,0,0,0,1,37.7852365,-122.476276,0,190,4.5,1.172587433,362,1,1,0,0,0,5.247024072160486
72,0,0,1,1,0,0,0,0,0,0,1,0,0,0,0,0,0,0,0,1,0,0,0,0,0,0,0,0,0,1,0,0,1,37.7878414,-122.4308222,0,89,5.0,0.8712422120000001,338,1,0,0,0,0,4.48863636973214
73,0,0,1,1,0,0,1,0,0,0,0,0,0,1,0,0,0,0,0,0,0,0,0,0,0,0,0,0,0,0,0,0,1,37.7447243,-122.4369879,0,95,5.0,0.983212642,523,1,0,1,0,0,4.553876891600541
74,0,0,1,1,0,0,1,0,0,0,0,0,0,1,0,0,0,0,0,0,0,0,0,0,0,0,0,0,0,1,0,0,1,37.78576,-122.41489140000002,0,109,4.5,0.829585667,342,0,0,0,0,0,4.6913478822291435
75,0,1,1,1,0,0,0,0,0,0,0,0,0,1,0,0,0,0,0,0,0,0,0,0,0,0,0,0,0,0,0,0,1,37.79785560000001,-122.2103944,0,65,5.0,1.054708273,232,1,1,0,0,0,4.174387269895637
76,0,1,1,1,0,0,0,0,0,0,0,0,0,1,0,0,0,0,0,0,0,0,0,0,0,0,0,0,0,0,0,0,1,37.7609914,-122.4652097,0,120,5.0,1.001234268,231,1,1,0,0,0,4.787491742782046
77,0,1,1,1,0,0,0,0,0,0,0,0,0,1,0,0,0,0,0,0,0,0,0,0,0,0,0,0,0,0,0,0,1,37.7767304,-122.1718415,0,79,5.0,1.054708273,246,1,1,0,0,0,4.3694478524670215
78,0,0,1,1,0,0,1,0,0,0,0,0,0,1,0,0,0,0,0,0,0,0,0,0,0,0,0,0,0,1,0,0,1,37.7549539,-122.4168309,0,115,5.0,1.047322361,562,1,0,0,0,0,4.74493212836325
79,0,0,1,1,1,1,0,0,0,0,0,0,0,0,0,0,0,0,0,0,0,0,0,0,0,0,0,0,0,0,0,0,1,37.7567656,-122.4889142,0,85,5.0,1.121772356,330,1,0,1,0,0,4.442651256490317
80,0,0,1,1,0,1,0,0,0,0,0,0,0,1,0,0,0,0,0,0,0,0,0,0,0,0,0,0,0,0,0,0,0,37.7599,-122.4148,1,135,5.0,1.047322361,211,1,0,1,0,0,4.90527477843843
81,0,1,1,1,0,0,0,0,0,0,0,0,0,1,0,0,0,0,0,0,0,0,0,0,0,0,0,0,0,0,0,0,1,37.735666,-122.3871207,0,92,5.0,1.151611442,122,1,1,0,0,0,4.5217885770490405
82,0,1,1,0,0,0,0,0,0,0,0,0,0,1,0,0,0,0,0,0,0,0,0,0,0,0,0,0,0,0,0,1,1,37.832357,-122.2795435,0,79,5.0,1.054708273,207,1,1,0,0,0,4.3694478524670215
83,0,0,1,1,0,0,0,0,0,0,0,0,0,1,0,0,0,0,0,0,0,0,0,0,0,0,0,0,0,1,0,0,1,37.7702755,-122.4475732,0,79,4.0,0.943033279,303,0,0,0,0,0,4.3694478524670215
84,0,0,1,1,0,0,0,1,0,0,0,0,0,0,0,0,0,0,0,1,0,0,0,0,0,0,0,0,0,0,0,0,1,37.7315978,-122.3731758,0,89,4.5,1.151611442,212,0,0,1,0,0,4.48863636973214
85,0,0,1,1,0,0,1,0,0,0,0,0,0,1,0,0,0,0,0,0,0,0,0,0,0,0,0,0,0,0,0,0,1,37.808,-122.288,0,59,5.0,1.054708273,458,1,0,1,0,0,4.07753744390572
86,0,1,1,1,0,0,0,0,0,0,0,0,0,1,0,0,0,0,0,0,0,0,0,0,0,0,0,0,0,0,0,0,1,37.7429945,-122.4666352,0,74,5.0,0.983212642,182,1,1,0,0,0,4.30406509320417
87,0,1,1,1,0,0,0,0,0,0,0,0,0,1,0,0,0,0,0,0,0,0,0,0,0,0,0,0,0,0,0,0,1,37.849886,-122.2802796,0,98,5.0,1.054708273,168,1,1,0,0,0,4.584967478670572
88,0,0,1,1,0,0,0,0,1,0,0,0,0,1,0,0,0,0,0,0,0,0,0,0,0,0,0,0,0,1,0,0,1,37.7687898,-122.417432,0,105,5.0,1.145998149,309,1,0,0,0,0,4.653960350157523
89,0,1,0,1,0,0,0,0,0,0,0,0,1,0,0,0,0,0,0,1,0,0,0,0,0,0,0,0,0,0,0,0,1,37.7139731,-122.4082638,0,75,4.5,0.983212642,84,0,1,0,0,0,4.31748811353631
90,0,0,1,1,0,1,0,0,0,0,0,0,0,1,0,0,0,0,0,0,0,0,0,0,0,0,0,0,0,0,0,0,1,37.7210033,-122.4102371,0,84,5.0,0.983212642,190,0,0,1,0,0,4.430816798843313
91,0,1,1,1,0,0,0,0,0,0,0,0,0,1,0,0,0,0,0,0,0,0,0,0,0,0,0,0,0,0,0,0,1,37.7024996,-122.4920611,0,139,5.0,0.922057288,191,1,1,0,0,0,4.9344739331306915
92,0,0,1,1,0,1,0,0,0,0,0,0,0,1,0,0,0,0,0,0,0,0,0,0,0,0,0,0,0,1,0,0,1,37.7564352,-122.4408039,0,57,5.0,1.083661049,322,1,0,0,0,0,4.04305126783455
93,0,0,1,1,1,0,0,0,0,0,0,0,0,0,0,0,0,0,0,0,0,0,0,0,0,0,0,0,0,0,0,0,1,37.794,-122.404,0,45,4.5,1.024869187,322,0,0,0,0,1,3.8066624897703196
94,0,0,0,1,0,0,0,1,0,0,0,0,0,0,0,0,0,0,1,0,0,0,1,0,0,0,0,0,0,0,0,0,1,37.7735805,-122.4280637,0,136,5.0,0.8233815000000001,375,1,1,0,0,0,4.912654885736052
95,0,0,1,1,0,0,0,0,0,0,0,0,0,0,0,0,0,0,0,1,0,0,0,0,0,0,0,0,0,0,0,0,1,37.794,-122.404,0,45,4.5,1.024869187,299,0,0,0,0,1,3.8066624897703196
96,0,1,1,0,0,0,0,0,0,0,0,0,0,0,0,0,0,0,0,1,0,0,0,0,0,0,0,0,0,0,0,1,1,37.7335518,-122.4309991,0,101,5.0,0.983212642,274,1,1,0,0,0,4.61512051684126
97,0,1,0,1,0,0,0,0,0,0,0,0,1,0,0,0,0,0,0,0,0,0,1,0,0,0,0,0,0,0,0,0,1,37.81859710000001,-122.2681718,0,85,4.5,1.054708273,231,0,1,0,0,0,4.442651256490317
98,0,1,1,1,0,0,0,0,0,0,0,0,0,1,0,0,0,0,0,0,0,0,0,0,0,0,0,0,0,0,0,0,1,37.7891013,-122.43459740000002,0,129,5.0,0.8712422120000001,422,1,0,1,0,0,4.859812404361672
99,0,0,1,0,0,1,0,0,0,0,0,0,0,1,0,0,0,0,0,0,0,0,0,0,0,0,0,0,0,0,0,1,1,37.7858852,-122.4095171,0,89,4.5,0.829585667,80,0,0,1,0,0,4.48863636973214
100,0,1,1,1,0,0,0,0,0,0,0,0,0,1,0,0,0,0,0,0,0,0,0,0,0,0,0,0,0,0,0,0,1,37.7402797,-122.4688499,0,89,5.0,0.922057288,248,1,1,0,0,0,4.48863636973214
101,0,0,1,1,0,0,1,0,0,0,0,0,0,1,0,0,0,0,0,0,0,0,0,0,0,0,0,0,0,0,0,0,1,37.6871816,-122.4952487,0,59,4.5,0.922057288,268,0,0,1,0,0,4.07753744390572
102,0,0,1,1,1,0,0,0,0,1,0,0,0,0,0,0,0,0,0,0,0,0,0,0,0,0,0,0,0,0,0,0,1,37.7673865,-122.4446685,0,85,5.0,0.943033279,251,1,0,1,0,0,4.442651256490317
103,0,0,1,1,1,0,0,0,0,1,0,0,0,0,0,0,0,0,0,0,0,0,0,0,0,0,0,0,0,0,0,0,1,37.770230700000006,-122.4295697,0,95,5.0,0.8233815000000001,278,1,0,1,0,0,4.553876891600541
104,0,0,1,1,0,0,1,0,0,0,0,0,0,1,0,0,0,0,0,0,0,0,0,0,0,0,0,0,0,0,0,0,1,37.7575773,-122.4295638,0,99,4.5,1.055299146,115,0,0,1,0,0,4.59511985013459
105,0,1,0,0,0,0,0,0,0,0,0,0,1,0,0,0,0,0,0,0,0,0,0,0,1,0,0,0,0,0,0,1,1,37.7621054,-122.4520166,0,125,5.0,1.001234268,263,1,1,0,0,0,4.8283137373023015
106,0,1,1,1,0,0,0,0,0,0,0,0,0,1,0,0,0,0,0,0,0,0,0,0,0,0,0,0,0,0,0,0,1,37.71968560000001,-122.4516255,0,125,5.0,1.010097363,217,1,1,0,0,0,4.8283137373023015
107,0,1,0,0,0,0,0,0,0,0,0,1,1,0,0,0,0,0,0,0,0,0,0,0,0,0,1,0,0,0,0,0,1,37.885296,-122.530272,0,140,4.5,1.172587433,232,0,1,0,0,0,4.941642422609304
108,0,1,1,1,0,0,0,0,0,0,0,0,0,1,0,0,0,0,0,0,0,0,0,0,0,0,0,0,0,0,0,0,1,37.7438276,-122.4320502,0,135,5.0,0.983212642,283,1,1,0,0,0,4.90527477843843
109,0,0,1,1,0,0,1,0,0,0,0,0,0,1,0,0,0,0,0,0,0,0,0,0,0,0,0,0,0,1,0,0,1,37.7691993,-122.4353061,0,109,5.0,0.943033279,379,1,0,0,0,0,4.6913478822291435
110,0,1,0,1,0,0,0,0,0,0,0,0,1,0,0,0,0,0,0,0,0,0,1,0,0,0,0,0,0,0,0,0,1,37.7258319,-122.4304184,0,100,5.0,0.983212642,192,1,1,0,0,0,4.605170185988092
111,0,0,1,1,0,0,0,0,0,0,0,0,0,1,0,0,0,0,0,0,0,0,0,0,0,0,0,0,0,0,0,0,1,37.7449468,-122.4299192,0,90,5.0,0.922057288,175,1,0,1,1,0,4.499809670330265
112,0,0,1,1,0,1,0,0,0,0,0,0,0,1,0,0,0,0,0,0,0,0,0,0,0,0,0,0,0,0,0,0,1,37.7898069,-122.4341119,0,129,5.0,0.8712422120000001,434,1,0,1,0,0,4.859812404361672
113,0,1,0,0,0,0,0,0,0,0,0,1,0,0,0,0,0,0,0,0,0,1,0,0,1,0,0,1,0,0,0,0,1,37.7789913,-122.2427018,0,99,5.0,1.054708273,498,1,0,0,0,0,4.59511985013459
114,0,1,0,0,0,0,0,0,0,0,0,0,0,0,0,0,0,0,1,0,0,0,0,0,0,0,1,0,0,0,0,1,1,37.7809339,-122.4942512,0,140,5.0,1.172587433,287,1,1,0,0,0,4.941642422609304
115,0,1,1,1,0,0,0,0,0,0,0,0,0,1,0,0,0,0,0,0,0,0,0,0,0,0,0,0,0,0,0,0,1,37.7743132,-122.4523622,0,135,5.0,1.121772356,329,1,1,0,0,0,4.90527477843843
116,0,1,0,1,0,0,0,0,0,0,0,0,0,0,0,0,0,0,1,1,0,0,0,0,0,0,0,0,0,0,0,0,1,37.9691725,-122.2888438,0,46,5.0,1.054708273,158,1,1,0,0,0,3.828641396489095
117,0,1,1,0,0,0,0,0,0,0,0,0,0,1,0,0,0,0,0,0,0,0,0,0,0,0,0,0,0,0,0,1,1,37.7619954,-122.3939147,0,75,5.0,1.151611442,196,1,1,0,0,0,4.31748811353631
118,0,0,1,1,0,1,0,0,0,0,0,0,0,1,0,0,0,0,0,0,0,0,0,0,0,0,0,0,0,0,0,0,0,37.7378,-122.4321,1,117,5.0,0.983212642,159,1,0,1,0,0,4.762173934797756
119,0,1,1,0,0,0,0,0,0,0,0,0,0,0,0,0,0,0,0,1,0,0,0,0,0,0,0,0,0,0,0,1,1,37.780930700000006,-122.4200707,0,150,5.0,0.829585667,89,1,1,0,0,0,5.0106352940962555
120,0,0,0,1,0,1,0,0,0,0,0,0,0,0,0,0,0,0,1,0,0,0,0,0,0,0,1,0,0,0,0,0,1,37.7538901,-122.4580171,0,79,5.0,1.001234268,468,1,0,1,0,0,4.3694478524670215
121,0,0,1,1,0,0,1,0,0,0,0,0,0,1,0,0,0,0,0,0,0,0,0,0,0,0,0,0,0,0,0,0,1,37.7497454,-122.4824194,0,92,5.0,0.922057288,218,1,0,1,0,0,4.5217885770490405
122,0,1,0,0,0,0,0,0,0,0,0,0,0,0,0,0,0,1,0,0,0,0,0,1,0,0,0,0,0,0,0,0,1,37.7444589,-122.4377567,0,245,5.0,0.983212642,310,1,1,0,0,0,5.501258210544727
123,0,1,1,1,0,0,0,0,0,0,0,0,0,1,0,0,0,0,0,0,0,0,0,0,0,0,0,0,0,0,0,0,1,37.83332120000001,-122.2240865,0,65,4.5,1.054708273,264,0,1,0,0,0,4.174387269895637
124,0,0,1,1,0,0,0,0,0,0,0,0,0,0,0,1,0,0,0,0,0,0,1,0,0,0,0,0,0,0,0,0,1,37.8346013,-122.2689664,0,53,4.5,1.054708273,283,0,0,1,0,0,3.970291913552122
125,1,1,0,0,0,0,0,0,0,0,0,0,0,1,0,0,0,0,0,0,0,0,0,0,0,0,0,0,0,0,0,1,1,37.7303363,-122.4258263,0,135,5.0,0.983212642,77,1,1,0,0,0,4.90527477843843
126,0,0,1,1,0,0,0,0,0,1,0,0,0,1,0,0,0,0,0,0,0,0,0,0,0,0,0,0,0,0,0,0,1,37.7507253,-122.4081529,0,59,4.5,1.047322361,76,0,0,1,0,0,4.07753744390572
127,0,0,1,1,0,1,0,0,0,0,0,0,0,1,0,0,0,0,0,0,0,0,0,0,0,0,0,0,0,0,0,0,1,37.6416593,-122.4600502,0,55,4.5,0.922057288,318,0,0,1,0,0,4.007333185232471
128,0,1,1,0,0,0,0,0,0,0,0,0,0,1,0,0,0,0,0,0,0,0,0,0,0,0,0,0,0,0,0,1,1,37.7757647,-122.4154915,0,125,5.0,1.145998149,291,1,1,0,0,0,4.8283137373023015
129,0,1,0,0,0,0,0,0,0,0,0,1,1,0,0,0,0,0,0,0,0,0,0,0,1,0,0,0,0,0,0,0,1,37.7212004,-122.4021146,0,89,5.0,0.983212642,71,1,1,0,0,0,4.48863636973214
130,0,1,1,1,0,0,0,0,0,0,0,0,0,1,0,0,0,0,0,0,0,0,0,0,0,0,0,0,0,0,0,0,1,37.8065682,-122.4350094,0,105,4.5,0.875378323,182,0,1,0,0,0,4.653960350157523
131,0,0,1,0,0,0,1,0,0,0,0,0,0,1,0,0,0,0,0,0,0,0,0,0,0,0,0,0,0,0,0,1,1,37.7858552,-122.4082109,0,89,5.0,0.829585667,58,0,0,1,0,0,4.48863636973214
132,0,0,1,1,0,1,0,0,0,0,0,0,0,1,0,0,0,0,0,0,0,0,0,0,0,0,0,0,0,0,0,0,1,37.6863899,-122.494059,0,69,4.5,0.922057288,201,0,0,1,0,0,4.23410650459726
133,0,1,1,1,0,0,0,0,0,0,0,0,0,1,0,0,0,0,0,0,0,0,0,0,0,0,0,0,0,0,0,0,1,37.7509299,-122.4270217,0,69,5.0,0.922057288,197,1,1,0,0,0,4.23410650459726
134,0,0,1,1,1,0,1,0,0,0,0,0,0,0,0,0,0,0,0,0,0,0,0,0,0,0,0,0,0,0,0,0,1,37.6007821,-122.4073735,0,85,5.0,0.922057288,497,0,0,1,0,0,4.442651256490317
135,0,1,1,1,0,0,0,0,0,0,0,0,0,1,0,0,0,0,0,0,0,0,0,0,0,0,0,0,0,0,0,0,0,37.7694,-122.4862,1,155,5.0,1.121772356,120,1,0,0,0,0,5.043425116919247
136,0,0,0,1,0,0,0,0,0,0,0,0,0,0,0,0,0,0,0,0,0,1,1,0,0,0,0,0,0,0,0,0,1,37.7984508,-122.4044535,0,36,5.0,0.944805898,168,0,0,0,1,1,3.58351893845611
137,0,1,0,0,0,0,0,0,0,0,0,0,1,0,0,0,0,0,0,1,0,0,0,0,0,0,0,0,0,0,0,1,1,37.779151,-122.4785733,0,130,5.0,1.172587433,277,1,1,0,0,0,4.867534450455582
138,0,0,1,1,0,0,1,0,0,0,0,0,0,1,0,0,0,0,0,0,0,0,0,0,0,0,0,0,0,1,0,0,1,37.8013351,-122.4071376,0,95,4.5,0.944805898,278,0,0,0,0,0,4.553876891600541
139,0,0,1,1,0,1,0,0,0,0,0,0,0,1,0,0,0,0,0,0,0,0,0,0,0,0,0,0,0,0,0,0,1,37.724828,-122.4360876,0,72,5.0,1.010097363,309,1,0,1,0,0,4.276666119016055
140,0,1,1,1,0,0,0,0,0,0,0,0,0,1,0,0,0,0,0,0,0,0,0,0,0,0,0,0,0,0,0,0,1,37.7456548,-122.4286438,0,100,5.0,0.922057288,277,1,1,0,0,0,4.605170185988092
141,0,1,1,1,0,0,0,0,0,0,0,0,0,1,0,0,0,0,0,0,0,0,0,0,0,0,0,0,0,0,0,0,1,37.7748566,-122.4623461,0,119,4.5,1.172587433,240,0,1,0,0,0,4.77912349311153
143,0,1,1,1,0,0,0,0,0,0,0,0,0,1,0,0,0,0,0,0,0,0,0,0,0,0,0,0,0,0,0,0,1,37.769224,-122.4469821,0,200,5.0,0.943033279,192,1,1,0,0,0,5.298317366548036
144,0,0,1,0,0,1,0,0,0,0,0,0,0,1,0,0,0,0,0,0,0,0,0,0,0,0,0,0,0,0,0,1,1,37.7872319,-122.4082861,0,89,4.5,0.829585667,62,0,0,1,0,0,4.48863636973214
145,0,1,1,1,0,0,0,0,0,0,0,0,0,1,0,0,0,0,0,0,0,0,0,0,0,0,0,0,0,0,0,0,1,37.9566904,-122.2750343,0,49,5.0,1.054708273,254,1,1,0,0,0,3.8918202981106265
146,0,1,1,1,0,0,0,0,0,0,0,0,0,0,0,0,0,0,0,1,0,0,0,0,0,0,0,0,0,0,0,0,1,37.7635864,-122.4824523,0,59,4.5,1.121772356,128,0,0,1,0,0,4.07753744390572
147,0,1,1,0,0,0,0,0,0,0,0,0,0,0,0,0,0,0,0,1,0,0,0,0,0,0,0,0,0,0,0,1,1,37.9585297,-122.2734978,0,63,5.0,1.054708273,291,1,1,0,0,0,4.143134726391533
148,0,0,1,1,0,0,0,0,0,0,0,0,0,1,1,0,0,0,0,0,0,0,0,0,0,0,0,0,0,0,0,0,1,37.7412771,-122.4215473,0,100,5.0,0.983212642,332,1,0,1,0,0,4.605170185988092
149,0,1,1,1,0,0,0,0,0,0,0,0,0,1,0,0,0,0,0,0,0,0,0,0,0,0,0,0,0,0,0,0,1,37.7826567,-122.1956466,0,35,5.0,1.054708273,92,0,1,0,0,0,3.5553480614894135
150,0,0,1,1,0,1,0,0,0,0,0,0,0,1,0,0,0,0,0,0,0,0,0,0,0,0,0,0,0,0,0,0,1,37.7585526,-122.4452989,0,79,5.0,1.083661049,442,1,0,1,0,0,4.3694478524670215
151,0,0,0,1,0,1,0,0,0,0,0,0,1,0,0,0,0,0,0,0,0,0,1,0,0,0,0,0,0,0,0,0,1,37.7974789,-122.4256636,0,129,4.5,0.8588338790000001,154,0,0,1,0,0,4.859812404361672
152,0,1,1,1,0,0,0,0,0,0,0,0,0,1,0,0,0,0,0,0,0,0,0,0,0,0,0,0,0,0,0,0,1,37.7664988,-122.4360631,0,135,5.0,0.943033279,339,1,1,0,0,0,4.90527477843843
153,0,1,0,1,0,0,0,0,0,0,0,0,0,0,0,0,0,0,1,0,0,0,0,0,0,0,1,0,0,0,0,0,1,37.7466908,-122.4058601,0,145,4.5,1.105523349,251,1,1,0,0,0,4.976733742420574
154,0,0,1,1,0,1,0,0,0,0,0,0,0,1,0,0,0,0,0,0,0,0,0,0,0,0,0,0,0,0,0,0,1,37.7527174,-122.40934009999998,0,117,5.0,1.047322361,266,0,0,1,0,0,4.762173934797756
155,0,0,1,1,0,0,1,0,0,0,0,0,0,1,0,0,0,0,0,0,0,0,0,0,0,0,0,0,0,0,0,0,1,37.7724075,-122.5016871,0,50,4.5,1.172587433,113,0,0,1,0,0,3.912023005428146
156,0,0,1,1,1,0,0,0,0,0,1,0,0,0,0,0,0,0,0,0,0,0,0,0,0,0,0,0,0,0,0,0,1,37.75686870000001,-122.41460320000002,0,55,5.0,1.047322361,194,0,0,0,0,1,4.007333185232471
157,0,0,0,0,0,0,0,0,0,0,0,1,0,0,0,1,0,0,1,0,0,0,1,0,0,0,0,0,0,0,0,0,1,37.728,-122.389,0,113,4.5,1.151611442,178,0,0,1,0,0,4.727387818712341
158,0,1,1,1,0,0,0,0,0,0,0,0,0,0,0,0,0,0,0,0,0,0,1,0,0,0,0,0,0,0,0,0,1,37.8011072,-122.2748774,0,97,4.5,1.054708273,205,1,1,0,0,0,4.574710978503383
159,0,1,0,0,0,0,0,0,0,0,0,1,0,0,0,0,0,0,1,1,0,0,0,0,0,0,0,0,0,0,0,0,1,37.7138912,-122.4081304,0,110,4.5,0.983212642,119,0,1,0,0,0,4.700480365792417
160,0,1,0,1,0,0,0,0,0,0,0,0,1,0,0,0,0,0,0,0,0,0,1,0,0,0,0,0,0,0,0,0,1,37.7538485,-122.4928673,0,105,5.0,1.121772356,170,1,1,0,0,0,4.653960350157523
161,0,1,1,0,0,0,0,0,0,0,0,0,0,1,0,0,0,0,0,0,0,0,0,0,0,0,0,0,0,0,0,1,1,37.78753320000001,-122.4093616,0,89,4.5,0.829585667,74,0,1,0,0,0,4.48863636973214
162,0,0,1,1,0,0,0,0,0,0,0,0,0,1,0,0,0,0,0,0,1,0,0,0,0,0,0,0,0,0,0,0,1,37.7737717,-122.4291925,0,85,5.0,0.8233815000000001,134,1,0,1,0,0,4.442651256490317
163,0,0,1,0,0,1,0,0,0,0,0,0,0,1,0,0,0,0,0,0,0,0,0,0,0,0,0,0,0,0,0,1,1,37.7853149,-122.4076837,0,89,4.5,0.829585667,55,0,0,1,0,0,4.48863636973214
164,0,0,1,1,0,1,0,0,0,0,0,0,0,1,0,0,0,0,0,0,0,0,0,0,0,0,0,0,0,1,0,0,1,37.7101258,-122.4464311,0,50,4.0,1.010097363,83,0,0,0,0,0,3.912023005428146
165,0,0,1,1,0,0,0,0,0,0,0,0,0,1,0,1,0,0,0,0,0,0,0,0,0,0,0,0,0,0,0,0,1,37.765146,-122.4160758,0,109,4.5,1.047322361,271,0,0,1,0,0,4.6913478822291435
166,0,1,1,1,0,0,0,0,0,0,0,0,0,0,0,0,0,0,0,1,0,0,0,0,0,0,0,0,0,0,0,0,0,37.7605,-122.4009,1,200,5.0,1.105523349,216,1,1,0,0,0,5.298317366548036
167,0,1,1,1,0,0,0,0,0,0,0,0,0,1,0,0,0,0,0,0,0,0,0,0,0,0,0,0,0,0,0,0,1,37.7414019,-122.4428318,0,120,5.0,0.983212642,217,1,1,0,0,0,4.787491742782046
168,0,0,1,1,0,0,1,0,0,0,0,0,0,0,0,0,0,0,0,1,0,0,0,0,0,0,0,0,0,1,0,0,1,37.7928673,-122.4160927,0,70,5.0,0.871833085,133,0,0,0,0,0,4.248495242049359
169,0,0,1,1,0,1,0,0,0,0,0,0,0,1,0,0,0,0,0,0,0,0,0,0,0,0,0,0,0,0,0,0,1,37.741,-122.384,0,65,4.5,1.151611442,276,1,0,1,0,0,4.174387269895637
170,0,0,1,1,0,1,0,0,0,0,0,0,0,1,0,0,0,0,0,0,0,0,0,0,0,0,0,0,0,0,0,0,1,37.7415926,-122.465782,0,69,5.0,0.983212642,314,1,0,1,0,0,4.23410650459726
171,0,1,1,1,0,0,0,0,0,0,0,0,0,1,0,0,0,0,0,0,0,0,0,0,0,0,0,0,0,0,0,0,1,37.7887556,-122.1891278,0,105,5.0,1.054708273,175,1,1,0,0,0,4.653960350157523
172,0,1,0,1,0,0,0,0,0,0,0,0,1,0,0,0,0,0,0,1,0,0,0,0,0,0,0,0,0,0,0,0,1,37.7718943,-122.1682039,0,90,5.0,1.054708273,131,1,1,0,0,0,4.499809670330265
173,0,0,0,0,0,0,0,0,0,0,1,1,1,0,0,0,0,0,0,0,0,0,1,0,0,0,0,0,0,0,0,0,1,37.7765653,-122.4288331,0,145,5.0,0.8233815000000001,141,0,1,0,0,0,4.976733742420574
174,0,1,1,1,0,0,0,0,0,0,0,0,0,1,0,0,0,0,0,0,0,0,0,0,0,0,0,0,0,0,0,0,1,37.905,-122.286,0,101,5.0,1.054708273,245,1,1,0,0,0,4.61512051684126
175,0,0,1,1,0,0,1,0,0,0,0,0,0,1,0,0,0,0,0,0,0,0,0,0,0,0,0,0,0,0,0,0,1,37.7509128,-122.3962869,0,85,5.0,1.151611442,263,1,0,1,0,0,4.442651256490317
176,0,1,1,1,0,0,0,0,0,0,0,0,0,0,0,0,0,0,0,1,0,0,0,0,0,0,0,0,0,0,0,0,1,37.7581328,-122.4355014,0,125,4.5,0.922057288,173,0,1,0,0,0,4.8283137373023015
177,0,1,1,1,0,0,0,0,0,0,0,0,0,1,0,0,0,0,0,0,0,0,0,0,0,0,0,0,0,0,0,0,1,37.7605496,-122.4717882,0,99,4.5,1.001234268,307,0,1,0,0,0,4.59511985013459
178,0,1,1,0,0,0,0,0,0,0,0,0,0,1,0,0,0,0,0,0,0,0,0,0,0,0,0,0,0,0,0,1,1,37.7585771,-122.40152240000002,0,189,4.5,1.105523349,385,0,1,0,0,0,5.241747015059643
179,0,1,1,1,0,0,0,0,0,0,0,0,0,1,0,0,0,0,0,0,0,0,0,0,0,0,0,0,0,0,0,0,1,37.7422014,-122.4199166,0,139,5.0,0.983212642,311,1,1,0,0,0,4.9344739331306915
181,0,1,1,0,0,0,0,0,0,0,0,0,0,1,0,0,0,0,0,0,0,0,0,0,0,0,0,0,0,0,0,1,1,37.7587535,-122.4336393,0,150,5.0,1.055299146,240,1,1,0,0,0,5.0106352940962555
182,0,0,1,1,0,1,0,0,0,0,0,0,0,1,0,0,0,0,0,0,0,0,0,0,0,0,0,0,0,0,0,0,1,37.7579357,-122.4895361,0,110,5.0,1.121772356,388,1,0,1,0,0,4.700480365792417
183,0,1,1,1,0,0,0,0,0,0,0,0,0,1,0,0,0,0,0,0,0,0,0,0,0,0,0,0,0,0,0,0,1,37.7385331,-122.4716588,0,160,5.0,0.922057288,371,1,1,0,0,0,5.075173815233827
184,0,1,0,0,0,0,0,0,0,0,0,1,1,0,0,0,0,0,0,0,0,0,1,0,0,0,0,0,0,0,0,0,1,37.7267083,-122.4353762,0,127,5.0,1.010097363,333,1,1,0,0,0,4.844187086458591
185,0,1,0,1,0,0,0,0,0,0,0,0,1,1,0,0,0,0,0,0,0,0,0,0,0,0,0,0,0,0,0,0,1,37.73436160000001,-122.4048752,0,165,5.0,1.105523349,96,1,1,0,0,0,5.10594547390058
186,0,1,1,0,0,0,0,0,0,0,0,0,0,0,0,0,0,0,0,1,0,0,0,0,0,0,0,0,0,0,0,1,1,37.5941065,-122.4053639,0,59,5.0,0.922057288,185,1,1,0,0,0,4.07753744390572
187,0,1,1,1,0,0,0,0,0,0,0,0,0,1,0,0,0,0,0,0,0,0,0,0,0,0,0,0,0,0,0,0,1,37.7708477,-122.4481135,0,78,4.5,0.943033279,366,0,1,0,0,0,4.356708826689592
188,0,0,1,1,0,0,0,0,0,0,1,0,0,1,0,0,0,0,0,0,0,0,0,0,0,0,0,0,0,0,0,0,1,37.7841624,-122.4677565,0,48,4.5,1.172587433,89,0,0,1,0,0,3.871201010907891
189,0,0,1,1,0,0,0,0,0,0,0,0,0,1,0,1,0,0,0,0,0,0,0,0,0,0,0,0,0,0,0,0,1,37.9324999,-122.3184302,0,53,5.0,1.054708273,83,1,0,1,0,0,3.970291913552122
190,0,1,1,1,0,0,0,0,0,0,0,0,0,1,0,0,0,0,0,0,0,0,0,0,0,0,0,0,0,0,0,0,1,37.7203047,-122.3934847,0,65,4.5,1.151611442,226,0,1,0,0,0,4.174387269895637
191,0,0,0,1,0,0,0,0,0,0,0,0,1,0,0,1,0,0,0,0,0,0,1,0,0,0,0,0,0,0,0,0,1,37.727,-122.39,0,62,4.5,1.151611442,92,0,0,1,0,0,4.127134385045092
192,0,1,1,1,0,0,0,0,0,0,0,0,0,1,0,0,0,0,0,0,0,0,0,0,0,0,0,0,0,0,0,0,1,37.7457658,-122.4239347,0,134,5.0,0.922057288,120,1,1,0,0,0,4.897839799950911
193,0,0,0,1,0,0,0,0,0,0,0,0,1,1,0,1,0,0,0,0,0,0,0,0,0,0,0,0,0,0,0,0,1,37.7388605,-122.4777656,0,119,4.5,0.922057288,210,0,0,1,0,0,4.77912349311153
194,0,1,0,1,0,0,0,0,0,0,0,0,1,0,0,0,0,0,0,0,0,0,1,0,0,0,0,0,0,0,0,0,1,37.7951469,-122.4190939,0,100,4.5,0.871833085,99,0,1,0,0,0,4.605170185988092
195,0,1,0,0,0,0,0,0,0,0,0,0,1,0,0,0,0,0,0,0,0,0,1,0,0,0,0,0,0,0,0,1,1,37.71700360000001,-122.4673507,0,55,4.0,0.922057288,260,0,1,0,0,0,4.007333185232471
196,0,0,0,1,0,0,1,0,0,0,0,0,0,0,0,0,0,0,1,0,0,0,1,0,0,0,0,0,0,0,0,0,1,37.7871646,-122.4338611,0,195,5.0,0.8712422120000001,259,1,0,1,0,0,5.272999558563747
197,0,0,0,1,0,1,0,0,0,0,0,0,1,0,0,0,0,0,0,1,0,0,0,0,0,0,0,0,0,0,0,0,1,37.76,-122.422,0,119,5.0,1.055299146,613,1,0,1,0,0,4.77912349311153
198,0,1,0,1,0,0,0,0,0,0,0,0,1,0,0,0,0,0,0,0,0,0,1,0,0,0,0,0,0,0,0,0,1,37.7265856,-122.4172923,0,115,4.5,0.983212642,135,0,1,0,0,0,4.74493212836325
199,0,1,1,1,0,0,0,0,0,0,0,0,0,1,0,0,0,0,0,0,0,0,0,0,0,0,0,0,0,0,0,0,1,37.7388054,-122.4252138,0,150,5.0,0.983212642,298,1,1,0,0,0,5.0106352940962555
200,0,0,0,1,0,0,0,0,0,0,0,0,0,0,0,0,0,0,0,0,0,1,1,0,0,0,0,0,0,0,0,0,1,37.79891370000001,-122.4061133,0,38,4.5,0.944805898,211,0,0,0,1,1,3.6375861597263857
201,0,1,0,1,0,0,0,0,0,0,0,0,1,0,0,0,0,0,0,0,0,0,1,0,0,0,0,0,0,0,0,0,1,37.7268136,-122.4341905,0,110,5.0,1.010097363,302,1,1,0,0,0,4.700480365792417
202,0,1,0,1,0,0,0,0,0,0,0,0,1,0,0,0,0,0,0,1,0,0,0,0,0,0,0,0,0,0,0,0,1,37.7445786,-122.4628432,0,147,5.0,0.983212642,220,1,1,0,0,0,4.990432586778736
203,0,1,0,1,0,0,0,0,0,0,0,0,1,0,0,0,0,0,0,1,0,0,0,0,0,0,0,0,0,0,0,0,1,37.7660213,-122.4165001,0,99,4.5,1.047322361,221,0,1,0,0,0,4.59511985013459
204,0,0,1,1,0,0,0,0,0,0,0,0,0,1,0,1,0,0,0,0,0,0,0,0,0,0,0,0,0,0,0,0,1,37.630857,-122.4154404,0,106,5.0,0.922057288,276,1,0,1,0,0,4.663439094112067
205,0,1,0,1,0,0,0,0,0,0,0,0,1,0,0,0,0,0,0,0,0,0,1,0,0,0,0,0,0,0,0,0,1,37.8017179,-122.4350131,0,195,5.0,0.875378323,263,1,1,0,0,0,5.272999558563747
206,0,1,0,0,0,0,0,0,0,0,0,0,0,0,0,0,0,1,1,0,0,0,0,0,1,0,0,0,0,0,0,0,1,37.7337658,-122.4642904,0,45,4.5,0.922057288,175,1,1,0,0,0,3.8066624897703196
207,0,0,1,1,1,0,0,0,0,0,0,0,0,0,0,0,0,0,0,0,1,0,0,0,0,0,0,0,0,0,0,0,1,37.8014979,-122.2755297,0,89,5.0,1.054708273,127,1,0,1,0,0,4.48863636973214
208,0,0,1,1,0,0,0,0,0,0,0,0,0,1,0,0,0,0,0,0,0,0,0,0,0,0,0,0,0,1,1,0,1,37.7853032,-122.4144736,0,115,4.5,0.829585667,315,0,0,0,0,0,4.74493212836325
209,0,1,0,1,0,0,0,0,0,0,0,0,1,0,0,0,0,0,0,0,0,0,1,0,0,0,0,0,0,0,0,0,1,37.923,-122.324,0,51,4.5,1.054708273,314,1,1,0,0,0,3.9318256327243257
210,0,0,0,1,0,0,1,0,0,0,0,0,1,1,0,0,0,0,0,0,0,0,0,0,0,0,0,0,0,0,0,0,1,37.8813649,-122.2748811,0,98,5.0,1.054708273,520,1,0,1,0,0,4.584967478670572
211,0,1,1,1,0,0,0,0,0,0,0,0,0,1,0,0,0,0,0,0,0,0,0,0,0,0,0,0,0,0,0,0,1,37.7285875,-122.4545182,0,110,4.5,1.010097363,359,1,1,0,0,0,4.700480365792417
212,0,1,0,1,0,0,0,0,0,0,0,0,1,0,0,0,0,0,0,0,0,0,1,0,0,0,0,0,0,0,0,0,1,37.8178542,-122.2436696,0,80,5.0,1.054708273,156,1,1,0,0,0,4.382026634673881
213,0,0,1,1,0,0,1,0,0,0,0,0,0,1,0,0,0,0,0,0,0,0,0,0,0,0,0,0,0,0,0,0,1,37.7490754,-122.48171,0,79,5.0,0.922057288,215,1,0,1,0,0,4.3694478524670215
214,0,1,0,1,0,0,0,0,0,0,0,0,1,0,0,0,0,0,0,0,0,0,1,0,0,0,0,0,0,0,0,0,1,37.7487449,-122.4182491,0,69,5.0,1.047322361,115,1,1,0,0,0,4.23410650459726
215,0,0,0,1,0,0,1,0,0,0,0,0,1,1,0,0,0,0,0,0,0,0,0,0,0,0,0,0,0,1,0,0,1,37.793644,-122.4230975,0,141,5.0,0.871833085,96,1,0,0,0,0,4.948759890378168
216,0,1,0,1,0,0,0,0,0,0,0,0,0,0,0,0,0,0,1,0,0,0,1,0,0,0,0,0,0,0,0,0,1,37.776152,-122.5071731,0,120,5.0,1.172587433,99,1,1,0,0,0,4.787491742782046
217,0,0,1,1,1,0,1,0,0,0,0,0,0,0,0,0,0,0,0,0,0,0,0,0,0,0,0,0,0,0,0,0,1,37.7327946,-122.4370054,0,68,5.0,0.983212642,308,1,0,1,0,0,4.219507705176107
218,0,0,1,1,0,1,0,0,0,0,0,0,0,1,0,0,0,0,0,0,0,0,0,0,0,0,0,0,0,0,0,0,1,37.796117,-122.1988452,0,50,5.0,1.054708273,121,1,0,1,0,0,3.912023005428146
219,0,0,1,1,0,1,0,0,0,0,0,0,0,1,0,0,0,0,0,0,0,0,0,0,0,0,0,0,0,0,0,0,1,37.7247826,-122.4360918,0,72,5.0,1.010097363,295,1,0,1,0,0,4.276666119016055
220,0,0,1,1,0,0,1,0,0,0,0,0,0,1,0,0,0,0,0,0,0,0,0,0,0,0,0,0,0,1,0,0,1,37.7498312,-122.43860320000002,0,85,5.0,0.922057288,105,1,0,0,0,0,4.442651256490317
221,0,0,1,1,0,1,0,0,0,0,0,0,0,1,0,0,0,0,0,0,0,0,0,0,0,0,0,0,0,0,0,0,1,37.7625889,-122.4054306,0,125,4.5,1.105523349,427,0,0,1,0,0,4.8283137373023015
222,0,0,1,1,0,0,1,0,0,0,0,0,0,1,0,0,0,0,0,0,0,0,0,0,0,0,0,0,0,0,0,0,1,37.7773716,-122.4107241,0,80,5.0,1.105523349,87,1,0,1,0,0,4.382026634673881
223,0,1,1,0,0,0,0,0,0,0,0,0,0,1,0,0,0,0,0,0,0,0,0,0,0,0,0,0,0,0,0,1,1,37.7337896,-122.4155581,0,140,4.5,0.983212642,136,0,1,0,0,0,4.941642422609304
224,0,0,0,1,0,1,0,0,0,0,0,0,1,0,0,0,0,0,0,1,0,0,0,0,0,0,0,0,0,0,0,0,1,37.74800000000001,-122.492,0,65,5.0,0.922057288,228,1,0,1,0,0,4.174387269895637
225,0,1,1,1,0,0,0,0,0,0,0,0,0,0,0,0,0,0,0,0,0,0,1,0,0,0,0,0,0,0,0,0,1,37.7332947,-122.45834840000002,0,130,5.0,1.010097363,147,1,1,0,0,0,4.867534450455582
226,0,0,1,1,0,1,0,0,0,0,0,0,0,1,0,0,0,0,0,0,0,0,0,0,0,0,0,0,0,0,0,0,1,37.77333839999999,-122.5009041,0,90,5.0,1.172587433,162,0,0,1,0,0,4.499809670330265
227,0,0,0,1,0,0,0,0,0,0,0,0,0,0,0,0,0,0,0,0,0,1,1,0,0,0,0,0,0,0,0,0,1,37.798829100000006,-122.4047389,0,36,4.5,0.944805898,195,0,0,0,1,1,3.58351893845611
228,0,1,0,1,0,0,0,0,0,0,0,0,1,0,0,0,0,0,0,0,0,0,1,0,0,0,0,0,0,0,0,0,1,37.7447128,-122.4313357,0,135,5.0,0.922057288,257,1,1,0,0,0,4.90527477843843
229,0,0,0,1,0,0,0,0,0,0,0,0,1,1,0,1,0,0,0,0,0,0,0,0,0,0,0,0,0,0,0,0,1,37.7470984,-122.47861670000002,0,69,5.0,0.922057288,74,1,0,1,0,0,4.23410650459726
230,0,1,1,1,0,0,0,0,0,0,0,0,0,1,0,0,0,0,0,0,0,0,0,0,0,0,0,0,0,0,0,0,1,37.79865510000001,-122.1996791,0,62,5.0,1.054708273,316,1,1,0,0,0,4.127134385045092
231,0,1,1,0,0,0,0,0,0,0,0,0,0,1,0,0,0,0,0,0,0,0,0,0,0,0,0,0,0,0,0,1,1,37.710109,-122.4464402,0,50,4.5,1.010097363,48,0,1,0,0,0,3.912023005428146
232,0,1,1,0,0,0,0,0,0,0,0,0,0,0,0,0,0,0,0,1,0,0,0,0,0,0,0,0,0,0,0,1,0,37.7816,-122.4156,1,150,5.0,0.829585667,7,1,1,0,0,0,5.0106352940962555
233,0,0,0,1,0,0,0,0,0,0,0,0,1,0,0,0,1,0,0,1,0,0,0,0,0,0,0,0,0,0,0,0,1,37.7787694,-122.4740691,0,97,4.5,1.172587433,140,0,0,1,0,0,4.574710978503383
234,0,1,1,1,0,0,0,0,0,0,0,0,0,1,0,0,0,0,0,0,0,0,0,0,0,0,0,0,0,0,0,0,1,37.7341617,-122.3919795,0,25,5.0,1.151611442,47,1,1,0,0,0,3.2188758248682006
235,0,0,1,1,1,0,0,0,0,1,0,0,0,0,0,0,0,0,0,0,0,0,0,0,0,0,0,0,0,0,0,0,1,37.7513455,-122.45382859999998,0,129,4.5,0.983212642,156,0,0,1,0,0,4.859812404361672
236,0,0,1,1,0,0,0,0,0,0,1,0,0,1,0,0,0,0,0,0,0,0,0,0,0,0,0,0,0,0,0,0,1,37.7608979,-122.4776873,0,105,4.5,1.121772356,162,0,1,0,0,0,4.653960350157523
237,0,0,0,0,0,0,0,0,0,0,0,1,0,0,0,1,0,0,1,0,0,0,0,0,1,0,0,0,0,0,0,0,1,37.728,-122.389,0,91,4.5,1.151611442,161,0,0,1,0,0,4.51085950651685
238,0,0,1,1,0,1,0,0,0,0,0,0,0,1,0,0,0,0,0,0,0,0,0,0,0,0,0,0,0,0,0,0,1,37.829,-122.221,0,68,4.5,1.054708273,142,1,0,1,0,0,4.219507705176107
239,0,0,1,1,0,1,0,0,0,0,0,0,0,1,0,0,0,0,0,0,0,0,0,0,0,0,0,0,0,0,0,0,1,37.7361202,-122.4110971,0,85,5.0,0.983212642,179,1,0,1,0,0,4.442651256490317
240,0,0,1,1,0,0,1,0,0,0,0,0,0,1,0,0,0,0,0,0,0,0,0,0,0,0,0,0,0,0,0,0,1,37.677705,-122.4902658,0,50,5.0,0.922057288,123,1,0,1,0,0,3.912023005428146
241,0,0,1,1,0,0,1,0,0,0,0,0,0,1,0,0,0,0,0,0,0,0,0,0,0,0,0,0,0,0,0,0,1,37.68122520000001,-122.3999461,0,53,4.5,0.983212642,240,0,0,1,0,0,3.970291913552122
242,0,1,0,1,0,0,0,0,0,0,0,0,1,0,0,0,0,0,0,1,0,0,0,0,0,0,0,0,0,0,0,0,1,37.7579078,-122.4380611,0,129,5.0,0.922057288,57,1,1,0,0,0,4.859812404361672
243,0,1,1,0,0,0,0,0,0,0,0,0,0,1,0,0,0,0,0,0,0,0,0,0,0,0,0,0,0,0,0,1,1,37.97495410000001,-122.5113794,0,125,5.0,0.875378323,230,1,1,0,0,0,4.8283137373023015
244,0,0,1,1,0,0,1,0,0,0,0,0,0,1,0,0,0,0,0,0,0,0,0,0,0,0,0,0,0,0,0,0,1,37.7771613,-122.4093149,0,90,5.0,1.105523349,96,1,0,1,0,0,4.499809670330265
245,0,1,1,1,0,0,0,0,0,0,0,0,0,1,0,0,0,0,0,0,0,0,0,0,0,0,0,0,0,0,0,0,1,37.7766205,-122.44431570000002,0,100,5.0,0.943033279,160,1,1,0,0,0,4.605170185988092
246,0,1,1,1,0,0,0,0,0,0,0,0,0,1,0,0,0,0,0,0,0,0,0,0,0,0,0,0,0,0,0,0,1,37.8014747,-122.2750774,0,89,5.0,1.054708273,93,1,1,0,0,0,4.48863636973214
247,0,1,1,1,0,0,0,0,0,0,0,0,0,0,0,0,0,0,0,1,0,0,0,0,0,0,0,0,0,0,0,0,1,37.74417920000001,-122.4323338,0,150,5.0,0.922057288,216,1,1,0,0,0,5.0106352940962555
248,0,0,0,0,0,0,0,0,1,0,0,1,1,0,0,0,0,0,0,1,0,0,0,0,0,0,0,0,0,1,0,0,1,37.771,-122.429,0,90,5.0,0.8233815000000001,358,1,0,0,0,0,4.499809670330265
249,0,1,0,1,0,0,0,0,0,0,0,0,1,0,0,0,0,0,0,0,0,0,1,0,0,0,0,0,0,0,0,0,1,37.9109915,-122.073712,0,95,5.0,1.054708273,111,1,1,0,0,0,4.553876891600541
251,0,1,1,1,0,0,0,0,0,0,0,0,0,1,0,0,0,0,0,0,0,0,0,0,0,0,0,0,0,0,0,0,1,37.7514502,-122.41206979999998,0,95,5.0,1.047322361,279,1,1,0,0,0,4.553876891600541
252,0,0,1,1,1,0,0,0,0,0,1,0,0,0,0,0,0,0,0,0,0,0,0,0,0,0,0,0,0,0,0,0,1,37.7580965,-122.4138844,0,55,5.0,1.047322361,167,0,0,0,0,1,4.007333185232471
253,0,0,1,1,0,0,0,0,0,1,0,0,0,1,0,0,0,0,0,0,0,0,0,0,0,0,0,0,0,0,0,0,1,37.7259302,-122.4333719,0,52,5.0,1.010097363,113,1,0,1,0,0,3.9512437185814275
254,0,1,1,0,0,0,0,0,0,0,0,0,0,1,0,0,0,0,0,0,0,0,0,0,0,0,0,0,0,0,0,1,1,37.777,-122.415,0,99,5.0,0.829585667,86,1,1,0,0,0,4.59511985013459
255,0,0,0,1,0,1,0,0,0,0,0,0,1,0,0,0,0,0,0,0,0,0,1,0,0,0,0,0,0,1,0,0,1,37.7181895,-122.4284602,0,70,5.0,1.010097363,33,1,0,0,0,0,4.248495242049359
256,0,0,0,1,0,1,0,0,0,0,0,0,1,0,0,0,0,0,0,0,0,0,1,0,0,0,0,0,0,0,0,0,1,37.7689727,-122.43854640000002,0,110,5.0,0.943033279,271,1,0,1,0,0,4.700480365792417
257,0,0,1,1,0,0,1,0,0,0,0,0,0,1,0,0,0,0,0,0,0,0,0,0,0,0,0,0,0,1,0,0,1,37.7975317,-122.425342,0,129,4.5,0.8588338790000001,208,0,0,0,0,0,4.859812404361672
258,0,0,1,1,0,1,0,0,0,0,0,0,0,1,0,0,0,0,0,0,0,0,0,0,0,0,0,0,0,0,0,0,1,37.769,-122.45,0,56,4.5,0.943033279,75,0,0,1,0,0,4.02535169073515
259,0,0,1,1,0,1,0,0,0,0,0,0,0,1,0,0,0,0,0,0,0,0,0,0,0,0,0,0,0,0,0,0,1,37.7218871,-122.4036997,0,86,5.0,0.983212642,59,1,0,1,0,0,4.454347296253507
260,0,0,0,1,0,1,0,0,0,0,0,0,1,0,0,0,0,0,0,0,0,0,1,0,0,0,0,0,0,0,0,0,1,37.79744210000001,-122.4253537,0,129,4.5,0.8588338790000001,213,0,0,1,0,0,4.859812404361672
261,0,1,1,0,0,0,0,0,0,0,0,0,0,1,0,0,0,0,0,0,0,0,0,0,0,0,0,0,0,0,0,1,1,37.7702536,-122.447384,0,135,5.0,0.943033279,211,1,1,0,0,0,4.90527477843843
262,0,0,0,0,0,1,0,0,0,0,0,1,1,0,0,0,0,0,0,0,0,0,1,0,0,0,0,0,0,0,0,0,0,37.7599,-122.4148,1,333,5.0,1.047322361,477,1,0,1,0,0,5.808142489980444
263,0,0,0,1,0,0,0,0,0,0,0,0,0,0,0,1,0,0,1,0,0,0,0,0,1,0,0,0,0,0,0,0,1,37.728642,-122.3878621,0,89,4.5,1.151611442,160,0,0,1,0,0,4.48863636973214
264,0,0,1,1,1,0,1,0,0,0,0,0,0,0,0,0,0,0,0,0,0,0,0,0,0,0,0,0,0,0,0,0,1,37.7267748,-122.4683231,0,70,5.0,0.922057288,128,1,0,1,0,0,4.248495242049359
265,0,1,1,1,0,0,0,0,0,0,0,0,0,1,0,0,0,0,0,0,0,0,0,0,0,0,0,0,0,0,0,0,1,37.9319896,-122.5459148,0,75,4.5,1.172587433,252,0,1,0,0,0,4.31748811353631
266,0,0,0,1,1,0,1,0,0,0,0,0,1,0,0,0,0,0,0,0,0,0,0,0,0,0,0,0,0,1,0,0,1,37.7822983,-122.4345993,0,70,5.0,0.849084475,69,1,0,0,0,0,4.248495242049359
267,0,0,1,1,1,0,0,0,0,0,1,0,0,0,0,0,0,0,0,0,0,0,0,0,0,0,0,0,0,0,0,0,1,37.7583008,-122.4128,0,55,5.0,1.047322361,152,0,0,0,0,1,4.007333185232471
268,0,1,1,1,0,0,0,0,0,0,0,0,0,1,0,0,0,0,0,0,0,0,0,0,0,0,0,0,0,0,0,0,1,37.80478460000001,-122.1922494,0,89,5.0,1.054708273,210,1,1,0,0,0,4.48863636973214
269,0,0,0,0,0,0,0,0,0,0,1,1,0,0,0,0,0,0,0,0,0,0,0,0,0,1,0,0,0,0,0,0,1,37.7769519,-122.4787119,0,117,4.5,1.172587433,117,0,1,0,0,0,4.762173934797756
270,0,1,0,1,0,0,0,0,0,0,0,0,0,0,0,0,0,0,1,0,0,0,1,0,0,0,0,0,0,0,0,0,1,37.7635581,-122.4325687,0,225,4.5,1.055299146,181,0,1,0,0,0,5.41610040220442
271,0,0,1,1,0,0,1,0,0,0,0,0,0,1,0,0,0,0,0,0,0,0,0,0,0,0,0,0,0,1,0,0,1,37.7846841,-122.414812,0,129,4.5,0.829585667,248,0,0,0,0,0,4.859812404361672
272,0,0,0,1,0,0,0,0,0,0,0,0,1,0,0,0,0,0,0,1,0,0,0,0,0,0,0,0,0,0,0,0,1,37.7596302,-122.4414323,0,155,5.0,1.083661049,332,1,0,1,1,0,5.043425116919247
273,0,1,1,1,0,0,0,0,0,0,0,0,0,1,0,0,0,0,0,0,0,0,0,0,0,0,0,0,0,0,0,0,1,37.71717020000001,-122.4682949,0,50,4.5,0.922057288,71,0,1,0,0,0,3.912023005428146
274,0,0,1,1,0,1,0,0,0,0,0,0,0,1,0,0,0,0,0,0,0,0,0,0,0,0,0,0,0,0,0,0,1,37.762,-122.443,0,149,5.0,1.083661049,519,1,0,1,0,0,5.003946305945459
275,0,1,1,0,0,0,0,0,0,0,0,0,0,1,0,0,0,0,0,0,0,0,0,0,0,0,0,0,0,0,0,1,1,37.780846200000006,-122.4729342,0,120,4.5,1.172587433,106,1,1,0,0,0,4.787491742782046
276,0,1,0,1,0,0,0,0,0,0,0,0,0,0,0,0,0,0,0,0,0,1,0,0,0,0,1,0,0,0,0,0,1,37.63379370000001,-122.4770244,0,250,5.0,0.922057288,353,1,1,0,0,0,5.521460917862246
277,0,0,1,1,0,0,0,0,0,1,0,0,0,1,0,0,0,0,0,0,0,0,0,0,0,0,0,0,0,1,0,0,1,37.801,-122.441,0,120,5.0,0.875378323,232,1,0,0,0,0,4.787491742782046
278,0,0,0,1,0,0,1,0,0,0,0,0,0,0,0,0,0,0,1,0,0,0,0,0,0,0,1,0,0,0,0,0,1,37.7523809,-122.4586718,0,84,5.0,0.983212642,463,1,0,1,0,0,4.430816798843313
279,0,1,0,1,0,0,0,0,0,0,0,0,1,0,0,0,0,0,0,1,0,0,0,0,0,0,0,0,0,0,0,0,1,37.76687570000001,-122.4464571,0,144,5.0,0.943033279,140,0,1,0,0,0,4.969813299576001
280,0,0,1,1,0,0,0,0,0,0,0,0,0,1,0,1,0,0,0,0,0,0,0,0,0,0,0,0,0,0,0,0,1,37.7645649,-122.41383229999998,0,101,4.5,1.047322361,257,0,0,1,0,0,4.61512051684126
281,0,1,1,1,0,0,0,0,0,0,0,0,0,1,0,0,0,0,0,0,0,0,0,0,0,0,0,0,0,0,0,0,1,37.7336763,-122.4461422,0,115,5.0,1.010097363,158,1,1,0,0,0,4.74493212836325
282,0,1,1,1,0,0,0,0,0,0,0,0,0,0,0,0,0,0,0,1,0,0,0,0,0,0,0,0,0,0,0,0,1,37.7045156,-122.4176281,0,90,5.0,0.983212642,75,1,1,0,0,0,4.499809670330265
283,0,0,0,1,0,0,0,0,0,0,0,0,1,0,0,1,0,0,0,1,0,0,0,0,0,0,0,0,0,0,0,0,1,37.7242411,-122.4338976,0,53,5.0,1.010097363,92,1,0,1,0,0,3.970291913552122
284,0,1,0,0,0,0,0,0,0,0,0,1,1,0,0,0,0,0,0,0,0,0,0,0,0,0,1,0,0,0,0,0,1,37.7207404,-122.3938465,0,60,4.5,1.151611442,222,0,1,0,0,0,4.0943445622221
285,0,0,1,1,0,0,1,0,0,0,0,0,0,1,0,0,0,0,0,0,0,0,0,0,0,0,0,0,0,1,0,0,1,37.7313205,-122.39138090000002,0,126,4.5,1.151611442,175,0,0,0,0,0,4.836281906951478
286,0,1,0,0,0,0,0,0,0,0,0,1,1,0,0,0,0,0,0,0,0,0,1,0,0,0,0,0,0,0,0,0,1,37.7284139,-122.4231376,0,185,5.0,0.983212642,168,1,1,0,0,0,5.220355825078324
287,0,0,1,1,0,0,1,0,0,0,0,0,0,1,0,0,0,0,0,0,0,0,0,0,0,0,0,0,0,1,0,0,1,37.7124836,-122.4583192,0,59,4.0,0.922057288,196,0,0,0,0,0,4.07753744390572
288,0,0,1,0,0,1,0,0,0,0,0,0,0,1,0,0,0,0,0,0,0,0,0,0,0,0,0,0,0,0,0,1,1,37.7862166,-122.4095847,0,65,4.5,0.829585667,67,0,0,1,0,0,4.174387269895637
289,0,1,1,1,0,0,0,0,0,0,0,0,0,1,0,0,0,0,0,0,0,0,0,0,0,0,0,0,0,0,0,0,1,37.8332112,-122.2139056,0,75,5.0,1.054708273,120,1,1,0,0,0,4.31748811353631
290,0,1,1,0,0,0,0,0,0,0,0,0,0,1,0,0,0,0,0,0,0,0,0,0,0,0,0,0,0,0,0,1,0,37.7467,-122.4863,1,150,5.0,0.922057288,130,1,1,0,0,0,5.0106352940962555
291,0,1,1,0,0,0,0,0,0,0,0,0,0,1,0,0,0,0,0,0,0,0,0,0,0,0,0,0,0,0,0,1,1,37.757032,-122.4893938,0,100,5.0,1.121772356,186,0,1,0,0,0,4.605170185988092
292,0,0,1,1,0,0,0,0,0,1,0,0,0,1,0,0,0,0,0,0,0,0,0,0,0,0,0,0,0,1,0,0,1,37.7777868,-122.4377545,0,100,5.0,0.943033279,309,1,0,0,0,0,4.605170185988092
293,0,1,1,1,0,0,0,0,0,0,0,0,0,0,0,0,0,0,0,1,0,0,0,0,0,0,0,0,0,0,0,0,1,37.86184650000001,-122.2838875,0,100,5.0,1.054708273,422,1,1,0,0,0,4.605170185988092
294,0,0,1,1,0,0,0,0,0,0,1,0,0,1,0,0,0,0,0,0,0,0,0,0,0,0,0,0,0,0,0,0,1,37.7704207,-122.4501926,0,78,4.5,0.943033279,337,0,0,1,0,0,4.356708826689592
295,0,1,0,0,0,0,0,0,0,0,0,0,0,0,0,0,0,0,1,0,0,0,0,0,1,0,0,0,0,0,0,1,1,37.7144601,-122.4422267,0,74,5.0,1.010097363,65,1,1,0,0,0,4.30406509320417
296,0,1,1,0,0,0,0,0,0,0,0,0,0,1,0,0,0,0,0,0,0,0,0,0,0,0,0,0,0,0,0,1,1,37.76331629999999,-122.470106,0,134,5.0,1.001234268,157,1,1,0,0,0,4.897839799950911
297,0,0,1,0,0,0,0,0,1,0,0,0,0,1,0,0,0,1,0,0,0,0,0,0,0,0,0,0,0,0,0,0,1,37.70884570000001,-122.430768,0,65,4.5,1.010097363,219,0,0,1,0,0,4.174387269895637
299,0,0,1,1,0,1,0,0,0,0,0,0,0,1,0,0,0,0,0,0,0,0,0,0,0,0,0,0,0,1,0,0,1,37.7609672,-122.4231305,0,100,4.5,1.055299146,340,1,0,0,0,0,4.605170185988092
300,0,0,1,1,1,0,1,0,0,0,0,0,0,0,0,0,0,0,0,0,0,0,0,0,0,0,0,0,0,1,0,0,1,37.7607455,-122.4303241,0,79,5.0,1.055299146,375,1,0,0,0,0,4.3694478524670215
301,0,1,1,1,0,0,0,0,0,0,0,0,0,1,0,0,0,0,0,0,0,0,0,0,0,0,0,0,0,0,0,0,1,37.78286660000001,-122.4834628,0,105,5.0,1.172587433,214,1,1,0,0,0,4.653960350157523
302,0,1,0,1,0,0,0,0,0,0,0,0,1,0,0,0,0,0,0,0,0,0,1,0,0,0,0,0,0,0,0,0,1,37.8137159,-122.2019396,0,54,5.0,1.054708273,163,1,1,0,0,0,3.9889840465642745
303,0,1,1,1,0,0,0,0,0,0,0,0,0,1,0,0,0,0,0,0,0,0,0,0,0,0,0,0,1,0,0,0,1,37.8365038,-122.2750734,0,75,4.5,1.054708273,198,0,0,0,0,0,4.31748811353631
304,0,0,1,1,0,1,0,0,0,0,0,0,0,1,0,0,0,0,0,0,0,0,0,0,0,0,0,0,0,0,0,0,1,37.8425681,-122.2659729,0,55,5.0,1.054708273,350,1,0,1,0,0,4.007333185232471
305,0,0,1,1,0,1,0,0,0,0,0,0,0,1,0,0,0,0,0,0,0,0,0,0,0,0,0,0,0,0,0,0,1,37.90127570000001,-122.6405536,0,175,5.0,1.172587433,525,1,0,1,0,0,5.1647859739235145
306,0,1,1,1,0,0,0,0,0,0,0,0,0,1,0,0,0,0,0,0,0,0,0,0,0,0,0,0,0,0,0,0,1,37.7761902,-122.4823081,0,70,5.0,1.172587433,616,1,1,0,0,0,4.248495242049359
307,0,1,1,1,0,0,0,0,0,0,0,0,0,1,0,0,0,0,0,0,0,0,0,0,0,0,0,0,0,0,0,0,1,37.7309544,-122.4446876,0,100,5.0,1.010097363,219,1,1,0,0,0,4.605170185988092
308,0,0,1,1,0,0,1,0,0,0,0,0,0,1,0,0,0,0,0,0,0,0,0,0,0,0,0,0,0,0,0,0,1,37.7835415,-122.4677134,0,52,4.5,1.172587433,324,0,0,1,0,0,3.9512437185814275
309,0,1,1,1,0,0,0,0,0,0,0,0,0,1,0,0,0,0,0,0,0,0,0,0,0,0,0,0,0,0,0,0,1,37.7763219,-122.48067179999998,0,67,5.0,1.172587433,548,1,1,0,0,0,4.204692619390966
310,0,0,1,1,0,0,1,0,0,0,0,0,0,1,0,0,0,0,0,0,0,0,0,0,0,0,0,0,0,0,0,0,1,37.78477879999999,-122.468035,0,55,4.5,1.172587433,293,0,0,1,0,0,4.007333185232471
311,0,1,1,1,1,0,0,0,0,0,0,0,0,0,0,0,0,0,0,0,0,0,0,0,0,0,0,0,0,0,0,0,1,37.7523821,-122.4128848,0,50,5.0,1.047322361,92,1,1,0,0,0,3.912023005428146
312,0,1,1,0,0,0,0,0,0,0,0,0,0,1,0,0,0,0,0,0,0,0,0,0,0,0,0,0,0,0,0,1,1,37.7874494,-122.40925520000002,0,78,4.5,0.829585667,97,0,1,0,0,0,4.356708826689592
313,0,1,1,1,0,0,0,0,0,0,0,0,0,1,0,0,0,0,0,0,0,0,0,0,0,0,0,0,0,0,0,0,1,37.7429945,-122.4666352,0,69,5.0,0.983212642,182,1,1,0,0,0,4.23410650459726
314,0,0,1,1,0,0,1,0,0,0,0,0,0,1,0,0,0,0,0,0,0,0,0,0,0,0,0,0,0,0,0,0,1,37.7497454,-122.4824194,0,79,5.0,0.922057288,218,1,0,1,0,0,4.3694478524670215
315,0,1,1,0,0,0,0,0,0,0,0,0,0,1,0,0,0,0,0,0,0,0,0,0,0,0,0,0,0,0,0,1,1,37.9691725,-122.2888438,0,46,5.0,1.054708273,158,1,1,0,0,0,3.828641396489095
316,0,1,1,1,0,0,0,0,0,0,0,0,0,1,0,0,0,0,0,0,0,0,0,0,0,0,0,0,0,0,0,0,1,37.7402797,-122.4688499,0,90,5.0,0.922057288,248,1,1,0,0,0,4.499809670330265
317,0,0,1,1,0,1,0,0,0,0,0,0,0,1,0,0,0,0,0,0,0,0,0,0,0,0,0,0,0,0,0,0,1,37.7619954,-122.3939147,0,75,5.0,1.151611442,196,1,0,1,0,0,4.31748811353631
318,0,1,0,1,0,0,0,0,0,0,0,0,0,0,0,0,0,0,1,1,0,0,0,0,0,0,0,0,0,0,0,0,0,37.7378,-122.4321,1,116,5.0,0.983212642,159,1,1,0,0,0,4.7535901911063645
319,0,1,1,0,0,0,0,0,0,0,0,0,0,1,0,0,0,0,0,0,0,0,0,0,0,0,0,0,0,0,0,1,1,37.83332120000001,-122.2240865,0,65,4.5,1.054708273,264,0,1,0,0,0,4.174387269895637
320,0,1,1,1,0,0,0,0,0,0,0,0,0,1,0,0,0,0,0,0,0,0,0,0,0,0,0,0,0,0,0,0,1,37.6416593,-122.4600502,0,55,4.5,0.922057288,318,0,1,0,0,0,4.007333185232471
321,0,0,1,1,0,1,0,0,0,0,0,0,0,1,0,0,0,0,0,0,0,0,0,0,0,0,0,0,0,0,0,0,1,37.7212004,-122.4021146,0,89,5.0,0.983212642,71,1,0,1,0,0,4.48863636973214
322,0,1,0,0,0,0,0,0,0,0,0,1,1,0,0,0,0,0,0,0,0,0,0,0,1,0,0,0,0,0,0,0,1,37.7984508,-122.4044535,0,36,5.0,0.944805898,168,0,1,0,0,0,3.58351893845611
323,0,0,0,1,0,0,0,0,0,0,0,0,0,0,0,0,0,0,0,0,0,1,1,0,0,0,0,0,0,0,0,0,1,37.7757647,-122.4154915,0,125,5.0,1.145998149,291,1,0,0,1,1,4.8283137373023015
324,0,0,0,1,0,0,0,0,0,0,0,0,1,1,0,1,0,0,0,0,0,0,0,0,0,0,0,0,0,0,0,0,1,37.727,-122.39,0,58,4.5,1.151611442,92,0,0,1,0,0,4.060443010546419
325,0,1,1,0,0,0,0,0,0,0,0,0,0,0,0,0,0,0,0,1,0,0,0,0,0,0,0,0,0,0,0,1,1,37.73436160000001,-122.4048752,0,155,5.0,1.105523349,96,1,1,0,0,0,5.043425116919247
326,0,0,1,1,1,0,1,0,0,0,0,0,0,0,0,0,0,0,0,0,0,0,0,0,0,0,0,0,0,0,0,0,1,37.7509299,-122.4270217,0,69,5.0,0.922057288,197,1,0,1,0,0,4.23410650459726
327,0,0,1,0,0,1,0,0,0,0,0,0,0,1,0,0,0,0,0,0,0,0,0,0,0,0,0,0,0,1,0,1,1,37.7558184,-122.4016217,0,67,4.5,1.105523349,119,0,0,0,0,0,4.204692619390966
328,0,0,1,1,0,1,0,0,0,0,0,0,0,1,0,0,0,0,0,0,0,0,0,0,0,0,0,0,0,0,0,0,1,37.7585526,-122.4452989,0,78,5.0,1.083661049,442,1,0,1,0,0,4.356708826689592
329,0,0,0,1,0,1,0,0,0,0,0,0,1,0,0,0,0,0,0,1,0,0,0,0,0,0,0,0,0,0,0,0,1,37.74800000000001,-122.492,0,75,5.0,0.922057288,249,1,0,1,0,0,4.31748811353631
330,0,1,1,1,0,0,0,0,0,0,0,0,0,1,0,0,0,0,0,0,0,0,0,0,0,0,0,0,0,0,0,0,1,37.6007821,-122.4073735,0,90,5.0,0.922057288,497,0,1,0,0,0,4.499809670330265
303,0,1,1,1,0,0,0,0,0,0,0,0,0,1,0,0,0,0,0,0,0,0,0,0,0,0,0,0,0,0,0,0,1,37.7585276,-122.4238706,0,100,5.0,1.001234268,164,1,1,0,0,0,4.605170185988092
304,0,1,1,1,0,0,0,0,0,0,0,0,0,0,0,0,0,0,0,1,0,0,0,0,0,0,0,0,0,0,0,0,1,37.768464,-122.4386285,0,258,5.0,1.010097363,285,1,1,0,0,0,5.552959584921617
305,0,1,0,1,0,0,0,0,0,0,0,0,1,0,0,0,0,0,0,0,0,0,1,0,0,0,0,0,0,0,0,0,1,37.7341404,-122.4439701,0,225,5.0,1.172587433,245,1,1,0,0,0,5.41610040220442
306,0,1,1,0,0,0,0,0,0,0,0,0,0,1,0,0,0,0,0,0,0,0,0,0,0,0,0,0,0,0,0,1,1,37.7428765,-122.4614686,0,125,5.0,1.172587433,228,1,1,0,0,0,4.8283137373023015
308,0,1,1,1,0,0,0,0,0,0,0,0,0,1,0,0,0,0,0,0,0,0,0,0,0,0,0,0,0,0,0,0,1,37.7829717,-122.4315598,0,155,5.0,1.047322361,256,1,1,0,0,0,5.043425116919247
309,0,1,1,1,0,0,0,0,0,0,0,0,0,1,0,0,0,0,0,0,0,0,0,0,0,0,0,0,0,0,0,0,1,37.8110362,-122.2046429,0,100,5.0,1.055299146,180,1,1,0,0,0,4.605170185988092
310,0,1,0,1,0,0,0,0,0,0,0,0,1,0,0,0,0,0,0,1,0,0,0,0,0,0,0,0,0,0,0,0,1,37.7420686,-122.4306852,0,165,5.0,1.083661049,266,0,1,0,0,0,5.10594547390058
311,0,1,0,1,0,0,0,0,0,0,0,0,1,0,0,0,0,0,0,1,0,0,0,0,0,0,0,0,0,0,0,0,1,37.7686909,-122.135845,0,90,5.0,1.047322361,262,1,1,0,0,0,4.499809670330265
312,0,1,0,1,0,0,0,0,0,0,0,0,0,0,0,0,0,0,0,0,0,1,0,0,0,0,1,0,0,0,0,0,1,37.7292403,-122.4265298,0,110,4.5,1.024869187,189,1,1,0,0,0,4.700480365792417
313,0,1,0,0,0,0,0,0,0,0,0,0,1,0,0,0,0,0,0,0,0,0,1,0,0,0,0,0,0,0,0,1,1,37.8662284,-122.5028307,0,125,5.0,1.047322361,363,1,1,0,0,0,4.8283137373023015
314,0,1,1,1,0,0,0,0,0,0,0,0,0,1,0,0,0,0,0,0,0,0,0,0,0,0,0,0,0,0,0,0,1,37.7639295,-122.435022,0,111,5.0,1.151611442,175,1,1,0,0,0,4.709530201312334
315,0,1,1,1,0,0,0,0,0,0,0,0,0,1,0,0,0,0,0,0,0,0,0,0,0,0,0,0,0,0,0,0,1,37.74780560000001,-122.5031612,0,129,5.0,1.010097363,394,1,1,0,0,0,4.859812404361672
